index,name,group_order,decision,feature,value,detail,definition
175,08-3d-pauli.jpg,03a,Layout_and_Format,Layout,Hybrid_3D,"",""
176,10-3d-annotations.jpg,03a,Layout_and_Format,Layout,Hybrid_3D,"",""
177,11-3d-pictures.png,03a,Layout_and_Format,Layout,Hybrid_3D,"",""
178,09-3d-large.jpg,03a,Layout_and_Format,Layout,Hybrid_3D,"",""
179,12-3d-qubit-line-hl.jpg,03a,Layout_and_Format,Layout,Hybrid_3D,"",""
180,13-3d-vertical.jpg,03a,Layout_and_Format,Layout,Hybrid_3D,"",""
181,15-3d-horizontal.jpg,03a,Layout_and_Format,Layout,Hybrid_3D,"",""
182,51-pennylane-hidden-cut.png,03a,Layout_and_Format,Layout,Hybrid_3D,"",""
183,106-cirq-lat-gau-2.png,03a,Layout_and_Format,Layout,Hybrid_multiples,"",""
184,105-cirq-lat-gau-1.png,03a,Layout_and_Format,Layout,Hybrid_multiples,"",""
185,136-nature-google-2b.png,03a,Layout_and_Format,Layout,Hybrid_multiples,"",""
186,103-cirq-toric-prog.png,03a,Layout_and_Format,Layout,Hybrid_multiples,"",""
187,46-pennylane-select-swap.jpeg,18b,Narrative,Annotation,Selection,"",""
188,75-cirq-repeat.png,18b,Narrative,Annotation,Selection,"",""
189,83-ciq-transformer.png,18b,Narrative,Annotation,Selection,"",""
190,86-cirq-in-and-in.png,18b,Narrative,Annotation,Selection,"",""
191,91-cirq-pascal.png,18b,Narrative,Annotation,Selection,"",""
192,118-nature-yan-4b.png,18b,Narrative,Annotation,Selection,"",""
193,158-nature-ahmed-2b.png,18b,Narrative,Annotation,Selection,"",""
194,174-nature-soltaninia-2a.png,18b,Narrative,Annotation,Selection,"",""
195,176-nature-kim-5.png,18b,Narrative,Annotation,Selection,"",""
196,46-pennylane-select-swap.jpeg,15b,Selection,Method,Annotation,"",""
197,75-cirq-repeat.png,15b,Selection,Method,Annotation,"",""
198,83-ciq-transformer.png,15b,Selection,Method,Annotation,"",""
199,86-cirq-in-and-in.png,15b,Selection,Method,Annotation,"",""
200,91-cirq-pascal.png,15b,Selection,Method,Annotation,"",""
201,118-nature-yan-4b.png,15b,Selection,Method,Annotation,"",""
202,158-nature-ahmed-2b.png,15b,Selection,Method,Annotation,"",""
203,174-nature-soltaninia-2a.png,15b,Selection,Method,Annotation,"",""
204,176-nature-kim-5.png,15b,Selection,Method,Annotation,"",""
205,46-pennylane-select-swap.jpeg,18b,Narrative,Annotation,Selection,"",""
206,109-nature-main-1c.png,18b,Narrative,Annotation,Selection,"",""
207,115-nature-ruiz-1.png,18b,Narrative,Annotation,Selection,"",""
208,122-nature-zhang-3a.png,18b,Narrative,Annotation,Selection,"",""
209,124-nature-than-1c.png,18b,Narrative,Annotation,Selection,"",""
210,125-nature-than-6.png,18b,Narrative,Annotation,Selection,"",""
211,139-nature-wing-bocanegra-5.png,18b,Narrative,Annotation,Selection,"",""
212,164-nature-jager-4a.png,18b,Narrative,Annotation,Selection,"",""
213,171-nature-meth-1d.png,18b,Narrative,Annotation,Selection,"",""
214,176-nature-kim-5.png,18b,Narrative,Annotation,Selection,"",""
215,178-nature-li-1c.png,18b,Narrative,Annotation,Selection,"",""
216,33-li-benjamin.avif,18b,Narrative,Annotation,Selection,"",""
217,145-nature-ringbauer-1b.png,18b,Narrative,Annotation,Selection,"",""
218,46-pennylane-select-swap.jpeg,15b,Selection,Method,Annotation,"",""
219,109-nature-main-1c.png,15b,Selection,Method,Annotation,"",""
220,115-nature-ruiz-1.png,15b,Selection,Method,Annotation,"",""
221,122-nature-zhang-3a.png,15b,Selection,Method,Annotation,"",""
222,124-nature-than-1c.png,15b,Selection,Method,Annotation,"",""
223,125-nature-than-6.png,15b,Selection,Method,Annotation,"",""
224,139-nature-wing-bocanegra-5.png,15b,Selection,Method,Annotation,"",""
225,164-nature-jager-4a.png,15b,Selection,Method,Annotation,"",""
226,171-nature-meth-1d.png,15b,Selection,Method,Annotation,"",""
227,176-nature-kim-5.png,15b,Selection,Method,Annotation,"",""
228,178-nature-li-1c.png,15b,Selection,Method,Annotation,"",""
229,33-li-benjamin.avif,15b,Selection,Method,Annotation,"",""
230,145-nature-ringbauer-1b.png,15b,Selection,Method,Annotation,"",""
231,02-aggregate-ellipsis.png,18b,Narrative,Annotation,Process,"",""
232,159-nature-ahmed-3.png,18b,Narrative,Annotation,Description,"",""
233,75-cirq-repeat.png,18b,Narrative,Annotation,Program_others,"",""
234,83-ciq-transformer.png,18b,Narrative,Annotation,Program_others,"",""
235,137-nature-cai-2c.png,18b,Narrative,Annotation,Program_others,"",""
236,147-nature-feng-1.png,18b,Narrative,Annotation,Program_others,"",""
237,153-nature-hu-1.png,18b,Narrative,Annotation,Program_others,"",""
238,162-nature-dong-1.png,18b,Narrative,Annotation,Program_others,"",""
239,168-nature-pecorari-1a.png,18b,Narrative,Annotation,Name_and_index,"",""
240,14-cartoons.png,18b,Narrative,Annotation,Selection,"",""
241,17-cartoons-2.png,18b,Narrative,Annotation,Selection,"",""
242,19-qiskit-qaoa.svg,18b,Narrative,Annotation,Selection,"",""
243,33-li-benjamin.avif,18b,Narrative,Annotation,Selection,"",""
244,35-vanderberg-pea.avif,18b,Narrative,Annotation,Selection,"",""
245,39-pennylane-tensor.png,18b,Narrative,Annotation,Selection,"",""
246,40-pennylane-mdr.png,18b,Narrative,Annotation,Selection,"",""
247,65-pennylane-qml.png,18b,Narrative,Annotation,Selection,"",""
248,99-cirq-qaoa.png,18b,Narrative,Annotation,Selection,"",""
249,119-nature-akpinar-1-3.png,18b,Narrative,Annotation,Selection,"",""
250,124-nature-than-1c.png,18b,Narrative,Annotation,Selection,"",""
251,131-nature-hothem-1a.png,18b,Narrative,Annotation,Selection,"",""
252,132-nature-hothem-3.png,18b,Narrative,Annotation,Selection,"",""
253,135-nature-google-2a.png,18b,Narrative,Annotation,Selection,"",""
254,138-nature-aljaedi-5.png,18b,Narrative,Annotation,Selection,"",""
255,167-nature-verma-4.png,18b,Narrative,Annotation,Selection,"",""
256,152-nature-kang-3.png,18b,Narrative,Annotation,Selection,"",""
257,159-nature-ahmed-3.png,18b,Narrative,Annotation,Selection,"",""
258,160-nature-shen-2b.png,18b,Narrative,Annotation,Selection,"",""
259,161-nature-ghisoni-1.png,18b,Narrative,Annotation,Selection,"",""
260,162-nature-dong-1.png,18b,Narrative,Annotation,Selection,"",""
261,163-nature-long-3a.png,18b,Narrative,Annotation,Selection,"",""
262,164-nature-jager-4a.png,18b,Narrative,Annotation,Selection,"",""
263,172-nature-kim-3.png,18b,Narrative,Annotation,Selection,"",""
264,180-nature-lacroix-1ab.png,18b,Narrative,Annotation,Selection,"",""
265,183-nature-xie-2.png,18b,Narrative,Annotation,Selection,"",""
266,04-sectioning-anno.png,18b,Narrative,Annotation,Selection,"",""
267,126-nature-butt-3a.png,18b,Narrative,Annotation,Selection,"",""
268,123-nature-zhang-3b.png,18b,Narrative,Annotation,Selection,"",""
269,184-vanderberg-pea-2.png,18b,Narrative,Annotation,Selection,"",""
270,153-nature-hu-1.png,18b,Narrative,Annotation,Selection,"",""
271,128-nature-mihalikova-3.png,18b,Narrative,Annotation,Selection,"",""
272,14-cartoons.png,15b,Selection,Method,Annotation,"",""
273,17-cartoons-2.png,15b,Selection,Method,Annotation,"",""
274,19-qiskit-qaoa.svg,15b,Selection,Method,Annotation,"",""
275,33-li-benjamin.avif,15b,Selection,Method,Annotation,"",""
276,35-vanderberg-pea.avif,15b,Selection,Method,Annotation,"",""
277,39-pennylane-tensor.png,15b,Selection,Method,Annotation,"",""
278,40-pennylane-mdr.png,15b,Selection,Method,Annotation,"",""
279,65-pennylane-qml.png,15b,Selection,Method,Annotation,"",""
280,99-cirq-qaoa.png,15b,Selection,Method,Annotation,"",""
281,119-nature-akpinar-1-3.png,15b,Selection,Method,Annotation,"",""
282,124-nature-than-1c.png,15b,Selection,Method,Annotation,"",""
283,131-nature-hothem-1a.png,15b,Selection,Method,Annotation,"",""
284,132-nature-hothem-3.png,15b,Selection,Method,Annotation,"",""
285,135-nature-google-2a.png,15b,Selection,Method,Annotation,"",""
286,138-nature-aljaedi-5.png,15b,Selection,Method,Annotation,"",""
287,167-nature-verma-4.png,15b,Selection,Method,Annotation,"",""
288,152-nature-kang-3.png,15b,Selection,Method,Annotation,"",""
289,159-nature-ahmed-3.png,15b,Selection,Method,Annotation,"",""
290,160-nature-shen-2b.png,15b,Selection,Method,Annotation,"",""
291,161-nature-ghisoni-1.png,15b,Selection,Method,Annotation,"",""
292,162-nature-dong-1.png,15b,Selection,Method,Annotation,"",""
293,163-nature-long-3a.png,15b,Selection,Method,Annotation,"",""
294,164-nature-jager-4a.png,15b,Selection,Method,Annotation,"",""
295,172-nature-kim-3.png,15b,Selection,Method,Annotation,"",""
296,180-nature-lacroix-1ab.png,15b,Selection,Method,Annotation,"",""
297,183-nature-xie-2.png,15b,Selection,Method,Annotation,"",""
298,04-sectioning-anno.png,15b,Selection,Method,Annotation,"",""
299,126-nature-butt-3a.png,15b,Selection,Method,Annotation,"",""
300,123-nature-zhang-3b.png,15b,Selection,Method,Annotation,"",""
301,184-vanderberg-pea-2.png,15b,Selection,Method,Annotation,"",""
302,153-nature-hu-1.png,15b,Selection,Method,Annotation,"",""
303,128-nature-mihalikova-3.png,15b,Selection,Method,Annotation,"",""
304,02-aggregate-ellipsis.png,18b,Narrative,Annotation,Element_details,"",""
305,28-qiskit-ghz-star-toplogy.avif,18b,Narrative,Annotation,Element_details,"",""
306,63-pennylane-loom.png,18b,Narrative,Annotation,Element_details,"",""
307,65-pennylane-qml.png,18b,Narrative,Annotation,Element_details,"",""
308,66-pennylane-qml-2.png,18b,Narrative,Annotation,Element_details,"",""
309,68-ftqc-1.png,18b,Narrative,Annotation,Element_details,"",""
310,70-ftqc-3.png,18b,Narrative,Annotation,Element_details,"",""
311,73-cirq-append.png,18b,Narrative,Annotation,Element_details,"",""
312,80-cirq-with-noise.png,18b,Narrative,Annotation,Element_details,"",""
313,85-cirq-ignore.png,18b,Narrative,Annotation,Element_details,"",""
314,100-cirq-qaoa-mach.png,18b,Narrative,Annotation,Element_details,"",""
315,102-cirq-toric.png,18b,Narrative,Annotation,Element_details,"",""
316,105-cirq-lat-gau-1.png,18b,Narrative,Annotation,Element_details,"",""
317,115-nature-ruiz-1.png,18b,Narrative,Annotation,Element_details,"",""
318,116-nature-ruiz-2.png,18b,Narrative,Annotation,Element_details,"",""
319,132-nature-hothem-3.png,18b,Narrative,Annotation,Element_details,"",""
320,132-nature-hothem-3.png,18b,Narrative,Annotation,Element_details,"",""
321,145-nature-ringbauer-1b.png,18b,Narrative,Annotation,Element_details,"",""
322,154-nature-mourya-4.png,18b,Narrative,Annotation,Element_details,"",""
323,160-nature-shen-2b.png,18b,Narrative,Annotation,Element_details,"",""
324,163-nature-long-3a.png,18b,Narrative,Annotation,Element_details,"",""
325,181-nature-lacroix-1cd.png,18b,Narrative,Annotation,Element_details,"",""
326,20-qiskit-pauli-corr.avif,18b,Narrative,Annotation,With_emphasis,"",""
327,29-qiskit-long-range.avif,18b,Narrative,Annotation,With_emphasis,"",""
328,59-pennylane-catalyst-5.svg,18b,Narrative,Annotation,With_emphasis,"",""
329,73-cirq-append.png,18b,Narrative,Annotation,With_emphasis,"",""
330,99-cirq-qaoa.png,18b,Narrative,Annotation,With_emphasis,"",""
331,102-cirq-toric.png,18b,Narrative,Annotation,With_emphasis,"",""
332,111-nature-main-3a.png,18b,Narrative,Annotation,With_emphasis,"",""
333,128-nature-mihalikova-3.png,18b,Narrative,Annotation,With_emphasis,"",""
334,171-nature-meth-1d.png,18b,Narrative,Annotation,With_emphasis,"",""
335,174-nature-soltaninia-2a.png,18b,Narrative,Annotation,With_emphasis,"",""
336,01-basic-with-anno.jpg,18b,Narrative,Annotation,With_emphasis,"",""
337,37-syndrome.avif,18b,Narrative,Annotation,Name_and_index,"",""
338,60-pennylane-catalyst-6.svg,18b,Narrative,Annotation,Name_and_index,"",""
339,67-pennylane-qml-3.png,18b,Narrative,Annotation,Name_and_index,"",""
340,183-nature-xie-2.png,18b,Narrative,Annotation,Name_and_index,"",""
341,00-basic-with-hl.jpg,18b,Narrative,Annotation,Name_and_index,"",""
342,26-qiskit-bell-pairs.avif,18b,Narrative,Annotation,Name_and_index,"",""
343,27-qiskit-fractional.avif,18b,Narrative,Annotation,Name_and_index,"",""
344,06-large-circuot-boxing.png,18b,Narrative,Annotation,Name_and_index,"",""
345,07-line-wrapped.jpg,18b,Narrative,Annotation,Name_and_index,"",""
346,21-qiskit-qaoa-step1.avif,18b,Narrative,Annotation,Name_and_index,"",""
347,25-qiskit-grover.avif,18b,Narrative,Annotation,Name_and_index,"",""
348,36-qiskit-bad.avif,18b,Narrative,Annotation,Name_and_index,"",""
349,14-cartoons.png,18b,Narrative,Annotation,Progression,"",""
350,58-pennylane-catalyst-4.svg,18b,Narrative,Annotation,Progression,"",""
351,170-pecorari-2c2.png,18b,Narrative,Annotation,Progression,"",""
352,163-nature-long-3a.png,18b,Narrative,Annotation,Selection,"",""
353,69-ftqc-2.png,18b,Narrative,Annotation,Name_and_index,"",""
354,70-ftqc-3.png,18b,Narrative,Annotation,Name_and_index,"",""
355,121-nature-gao-3-3.png,18b,Narrative,Annotation,Name_and_index,"",""
356,114-nature-ruiz-3.png,18b,Narrative,Annotation,Selection,"",""
357,114-nature-ruiz-3.png,15b,Selection,Method,Annotation,"",""
358,173-nature-brock-2b.png,18d,Narrative,Attachment,Expected_results,State,""
359,118-nature-yan-4b.png,18d,Narrative,Attachment,Classical_processing,Memory,""
360,118-nature-yan-4b.png,14a,Classical,Information,Memory,"",""
361,183-nature-xie-2.png,18d,Narrative,Attachment,Classical_processing,Data,""
362,168-nature-pecorari-1a.png,18d,Narrative,Attachment,Problem_topic,Physics_chemisry,""
363,126-nature-butt-3a.png,18d,Narrative,Attachment,Problem_topic,Mathematics,""
364,20-qiskit-pauli-corr.avif,18d,Narrative,Attachment,Problem_topic,Mathematics,""
365,112-nature-ruiz-1.png,18d,Narrative,Attachment,Classical_processing,Optimization,""
366,113-nature-ruiz-2.png,18d,Narrative,Attachment,Classical_processing,Optimization,""
367,78-cirq-with-unitary.png,18d,Narrative,Attachment,Unitary,"",""
368,178-nature-li-1c.png,18d,Narrative,Attachment,Unitary,"",""
369,08-3d-pauli.jpg,17b,Reference,Legend,Grid_axis,"",""
370,09-3d-large.jpg,17a,Reference,Axis,Time,"",""
371,16-heatmap.jpg,17a,Reference,Axis,Time,"",""
372,16-heatmap.jpg,17a,Reference,Axis,Space,"",""
373,89-cirq-machine-1.png,17a,Reference,Axis,Space,"",""
374,90-cirq-machine-2.png,17a,Reference,Axis,Space,"",""
375,93-cirq-mocking-2.png,17a,Reference,Axis,Space,"",""
376,104-pennylane-toric.png,17a,Reference,Axis,Space,"",""
377,09-3d-large.jpg,17a,Reference,Axis,Space,"",""
378,33-li-benjamin.avif,17a,Reference,Axis,Time,"",""
379,105-cirq-lat-gau-1.png,17a,Reference,Axis,Time,"",""
380,106-cirq-lat-gau-2.png,17a,Reference,Axis,Time,"",""
381,149-nature-turkeshi-1.png,17a,Reference,Axis,Time,"",""
382,160-nature-shen-2b.png,17a,Reference,Axis,Time,"",""
383,69-ftqc-2.png,10b,Qubit_connectivity,Representation,Glyph,"",""
384,70-ftqc-3.png,10b,Qubit_connectivity,Representation,Glyph,"",""
385,90-cirq-machine-2.png,10b,Qubit_connectivity,Representation,Cell,"",""
386,93-cirq-mocking-2.png,10b,Qubit_connectivity,Representation,Cell,"",""
387,102-cirq-toric.png,10b,Qubit_connectivity,Representation,Grid,"",""
388,105-cirq-lat-gau-1.png,10b,Qubit_connectivity,Representation,Hidden,"",""
389,09-3d-large.jpg,10b,Qubit_connectivity,Representation,Hidden,"",""
390,136-nature-google-2b.png,10b,Qubit_connectivity,Representation,Hidden,"",""
391,104-pennylane-toric.png,10b,Qubit_connectivity,Representation,Hidden,"",""
392,107-cirq-lat-gau-3.png,10b,Qubit_connectivity,Representation,Hidden,"",""
393,106-cirq-lat-gau-2.png,10b,Qubit_connectivity,Representation,Hidden,"",""
394,103-cirq-toric-prog.png,10b,Qubit_connectivity,Representation,Hidden,"",""
395,108-cirq-lat-gau-4.png,10b,Qubit_connectivity,Representation,Hidden,"",""
396,170-pecorari-2c2.png,10b,Qubit_connectivity,Representation,Hidden,"",""
397,115-nature-ruiz-1.png,10b,Qubit_connectivity,Representation,Hidden,"",""
398,168-nature-pecorari-1a.png,10b,Qubit_connectivity,Representation,Hidden,"",""
399,169-nature-pecorari-2b.png,10b,Qubit_connectivity,Representation,Hidden,"",""
400,175-nature-kim-1b.png,10c,Qubit_connectivity,Representation_characteristic,Selective,"",""
401,144-nature-ringbauer-1c.png,10c,Qubit_connectivity,Representation_characteristic,Selective,"",""
402,92-cirq-mocking.png,10b,Qubit_connectivity,Representation,Grid,"",""
403,133-nature-hillmann-1.png,10b,Qubit_connectivity,Representation,Grid,"",""
404,134-nature-hillmann-2.png,10b,Qubit_connectivity,Representation,Grid,"",""
405,181-nature-lacroix-1cd.png,10b,Qubit_connectivity,Representation,Grid,"",""
406,11-3d-pictures.png,10b,Qubit_connectivity,Representation,Grid,"",""
407,145-nature-ringbauer-1b.png,10b,Qubit_connectivity,Representation,Grid,"",""
408,144-nature-ringbauer-1c.png,10b,Qubit_connectivity,Representation,Grid,"",""
409,18-on-machine-a.avif,10b,Qubit_connectivity,Representation,Grid,"",""
410,08-3d-pauli.jpg,10b,Qubit_connectivity,Representation,Grid,"",""
411,81-cirq-grid.png,10b,Qubit_connectivity,Representation,Grid,"",""
412,89-cirq-machine-1.png,10b,Qubit_connectivity,Representation,Grid,"",""
413,122-nature-zhang-3a.png,10b,Qubit_connectivity,Representation,Grid,"",""
414,10-3d-annotations.jpg,10b,Qubit_connectivity,Representation,Grid,"",""
415,66-pennylane-qml-2.png,10b,Qubit_connectivity,Representation,Grid,"",""
416,23-qiskit-nishimori.avif,10b,Qubit_connectivity,Representation,Grid,"",""
417,30-qiskit-plot-circ-lay.avif,10b,Qubit_connectivity,Representation,Grid,"",""
418,180-nature-lacroix-1ab.png,10b,Qubit_connectivity,Representation,Grid,"",""
419,182-nature-lacroix-3d.png,10b,Qubit_connectivity,Representation,Grid,"",""
420,186-cirq-fh.png,10b,Qubit_connectivity,Representation,Grid,"",""
421,13-3d-vertical.jpg,10b,Qubit_connectivity,Representation,Grid,"",""
422,15-3d-horizontal.jpg,10b,Qubit_connectivity,Representation,Grid,"",""
423,100-cirq-qaoa-mach.png,10c,Qubit_connectivity,Representation_characteristic,With_weight,"",""
424,61-pennylane-tele.png,13a,Mid_circuit_measure,Information,Between_gates,"",""
425,62-pennylane-tele-2.png,13a,Mid_circuit_measure,Information,Between_gates,"",""
426,116-nature-ruiz-2.png,13a,Mid_circuit_measure,Information,Between_gates,"",""
427,61-pennylane-tele.png,13b,Mid_circuit_measure,Representation,Double_line,"",""
428,62-pennylane-tele-2.png,13b,Mid_circuit_measure,Representation,Double_line,"",""
429,116-nature-ruiz-2.png,13b,Mid_circuit_measure,Representation,Double_line,"",""
430,07-line-wrapped.jpg,09e,Bit_lines,Representation_characteristic,Collapsed,"",""
431,06-large-circuot-boxing.png,09e,Bit_lines,Representation_characteristic,Collapsed,"",""
432,00-basic-with-hl.jpg,09e,Bit_lines,Representation_characteristic,Collapsed,"",""
433,25-qiskit-grover.avif,09e,Bit_lines,Representation_characteristic,Collapsed,"",""
434,27-qiskit-fractional.avif,09e,Bit_lines,Representation_characteristic,Collapsed,"",""
435,36-qiskit-bad.avif,09e,Bit_lines,Representation_characteristic,Collapsed,"",""
436,26-qiskit-bell-pairs.avif,09e,Bit_lines,Representation_characteristic,Collapsed,"",""
437,183-nature-xie-2.png,09e,Bit_lines,Representation_characteristic,Collapsed,"",""
438,21-qiskit-qaoa-step1.avif,09e,Bit_lines,Representation_characteristic,Collapsed,"",""
439,37-syndrome.avif,09e,Bit_lines,Representation_characteristic,Collapsed,"",""
440,07-line-wrapped.jpg,14a,Classical,Information,Registry,"",""
441,06-large-circuot-boxing.png,14a,Classical,Information,Registry,"",""
442,00-basic-with-hl.jpg,14a,Classical,Information,Registry,"",""
443,25-qiskit-grover.avif,14a,Classical,Information,Registry,"",""
444,27-qiskit-fractional.avif,14a,Classical,Information,Registry,"",""
445,36-qiskit-bad.avif,14a,Classical,Information,Registry,"",""
446,26-qiskit-bell-pairs.avif,14a,Classical,Information,Registry,"",""
447,183-nature-xie-2.png,14a,Classical,Information,Registry,"",""
448,21-qiskit-qaoa-step1.avif,14a,Classical,Information,Registry,"",""
449,37-syndrome.avif,14a,Classical,Information,Registry,"",""
450,07-line-wrapped.jpg,14b,Classical,Representation,Double_line,"",""
451,06-large-circuot-boxing.png,14b,Classical,Representation,Double_line,"",""
452,00-basic-with-hl.jpg,14b,Classical,Representation,Double_line,"",""
453,25-qiskit-grover.avif,14b,Classical,Representation,Double_line,"",""
454,27-qiskit-fractional.avif,14b,Classical,Representation,Double_line,"",""
455,36-qiskit-bad.avif,14b,Classical,Representation,Double_line,"",""
456,26-qiskit-bell-pairs.avif,14b,Classical,Representation,Double_line,"",""
457,183-nature-xie-2.png,14b,Classical,Representation,Double_line,"",""
458,21-qiskit-qaoa-step1.avif,14b,Classical,Representation,Double_line,"",""
459,37-syndrome.avif,14b,Classical,Representation,Double_line,"",""
460,07-line-wrapped.jpg,15b,Selection,Method,Aggregation,"",""
461,06-large-circuot-boxing.png,15b,Selection,Method,Aggregation,"",""
462,00-basic-with-hl.jpg,15b,Selection,Method,Aggregation,"",""
463,25-qiskit-grover.avif,15b,Selection,Method,Aggregation,"",""
464,27-qiskit-fractional.avif,15b,Selection,Method,Aggregation,"",""
465,36-qiskit-bad.avif,15b,Selection,Method,Aggregation,"",""
466,26-qiskit-bell-pairs.avif,15b,Selection,Method,Aggregation,"",""
467,183-nature-xie-2.png,15b,Selection,Method,Aggregation,"",""
468,21-qiskit-qaoa-step1.avif,15b,Selection,Method,Aggregation,"",""
469,37-syndrome.avif,15b,Selection,Method,Aggregation,"",""
470,54-pennylane-non-clifford-2.png,09e,Bit_lines,Representation_characteristic,Crossing,"",""
471,29-qiskit-long-range.avif,09e,Bit_lines,Representation_characteristic,Crossing,"",""
472,04-sectioning-anno.png,09e,Bit_lines,Representation_characteristic,Quantum_classical_connected,"",""
473,02-aggregate-ellipsis.png,09e,Bit_lines,Representation_characteristic,Quantum_classical_connected,"",""
474,29-qiskit-long-range.avif,09e,Bit_lines,Representation_characteristic,Quantum_classical_connected,"",""
475,48-pennylane-3-qubit-stabilize.png,09e,Bit_lines,Representation_characteristic,Quantum_classical_connected,"",""
476,50-pennylane-3q-concept.png,09e,Bit_lines,Representation_characteristic,Quantum_classical_connected,"",""
477,53-pennylane-non-clifford.png,09e,Bit_lines,Representation_characteristic,Quantum_classical_connected,"",""
478,54-pennylane-non-clifford-2.png,09e,Bit_lines,Representation_characteristic,Quantum_classical_connected,"",""
479,99-cirq-qaoa.png,09e,Bit_lines,Representation_characteristic,Quantum_classical_connected,"",""
480,114-nature-ruiz-3.png,09e,Bit_lines,Representation_characteristic,Quantum_classical_connected,"",""
481,127-nature-zhu-1.png,09e,Bit_lines,Representation_characteristic,Quantum_classical_connected,"",""
482,64-pennylane-bp.png,09e,Bit_lines,Representation_characteristic,Quantum_classical_connected,"",""
483,130-nature-hoch-1b.png,09e,Bit_lines,Representation_characteristic,Quantum_classical_connected,"",""
484,162-nature-dong-1.png,09e,Bit_lines,Representation_characteristic,Quantum_classical_connected,"",""
485,43-qiskit-ising.avif,09e,Bit_lines,Representation_characteristic,Quantum_classical_connected,"",""
486,63-pennylane-loom.png,09e,Bit_lines,Representation_characteristic,Quantum_classical_connected,"",""
487,179-nature-gupta-1d.png,09e,Bit_lines,Representation_characteristic,Quantum_classical_connected,"",""
488,158-nature-ahmed-2b.png,09e,Bit_lines,Representation_characteristic,Quantum_classical_connected,"",""
489,147-nature-feng-1.png,09e,Bit_lines,Representation_characteristic,Quantum_classical_connected,"",""
642,00-basic-with-hl.jpg,09e,Bit_lines,Representation_characteristic,Grouped,"",""
643,37-syndrome.avif,09e,Bit_lines,Representation_characteristic,Grouped,"",""
644,179-nature-gupta-1d.png,09e,Bit_lines,Representation_characteristic,Quantum_classical_undistinguished,"",""
645,147-nature-feng-1.png,09e,Bit_lines,Representation_characteristic,Quantum_classical_undistinguished,"",""
646,158-nature-ahmed-2b.png,09e,Bit_lines,Representation_characteristic,Quantum_classical_undistinguished,"",""
647,179-nature-gupta-1d.png,14a,Classical,Information,Registry,"",""
648,147-nature-feng-1.png,14a,Classical,Information,Registry,"",""
649,158-nature-ahmed-2b.png,14a,Classical,Information,Registry,"",""
650,179-nature-gupta-1d.png,14b,Classical,Representation,Single_line,"",""
651,147-nature-feng-1.png,14b,Classical,Representation,Single_line,"",""
652,158-nature-ahmed-2b.png,14b,Classical,Representation,Single_line,"",""
653,37-syndrome.avif,13a,Mid_circuit_measure,Information,Back_to_quantum,"",""
654,26-qiskit-bell-pairs.avif,13a,Mid_circuit_measure,Information,Back_to_quantum,"",""
655,37-syndrome.avif,13b,Mid_circuit_measure,Representation,Hit_classical_line,"",""
656,26-qiskit-bell-pairs.avif,13b,Mid_circuit_measure,Representation,Hit_classical_line,"",""
657,183-nature-xie-2.png,12b,Measure,Representation,Quantum_to_classical,"",""
658,00-basic-with-hl.jpg,12b,Measure,Representation,Quantum_to_classical,"",""
659,26-qiskit-bell-pairs.avif,12b,Measure,Representation,Quantum_to_classical,"",""
660,27-qiskit-fractional.avif,12b,Measure,Representation,Quantum_to_classical,"",""
661,06-large-circuot-boxing.png,12b,Measure,Representation,Quantum_to_classical,"",""
662,07-line-wrapped.jpg,12b,Measure,Representation,Quantum_to_classical,"",""
663,21-qiskit-qaoa-step1.avif,12b,Measure,Representation,Quantum_to_classical,"",""
664,25-qiskit-grover.avif,12b,Measure,Representation,Quantum_to_classical,"",""
665,36-qiskit-bad.avif,12b,Measure,Representation,Quantum_to_classical,"",""
666,37-syndrome.avif,12b,Measure,Representation,Quantum_to_classical,"",""
667,48-pennylane-3-qubit-stabilize.png,13a,Mid_circuit_measure,Information,Back_to_quantum,"",""
668,50-pennylane-3q-concept.png,13a,Mid_circuit_measure,Information,Back_to_quantum,"",""
669,54-pennylane-non-clifford-2.png,13a,Mid_circuit_measure,Information,Back_to_quantum,"",""
670,61-pennylane-tele.png,13a,Mid_circuit_measure,Information,Back_to_quantum,"",""
671,62-pennylane-tele-2.png,13a,Mid_circuit_measure,Information,Back_to_quantum,"",""
672,43-qiskit-ising.avif,13a,Mid_circuit_measure,Information,Back_to_quantum,"",""
673,04-sectioning-anno.png,13a,Mid_circuit_measure,Information,Back_to_quantum,"",""
674,29-qiskit-long-range.avif,13a,Mid_circuit_measure,Information,Back_to_quantum,"",""
675,48-pennylane-3-qubit-stabilize.png,13a,Mid_circuit_measure,Information,Back_to_quantum,"",""
676,50-pennylane-3q-concept.png,13a,Mid_circuit_measure,Information,Back_to_quantum,"",""
677,53-pennylane-non-clifford.png,13a,Mid_circuit_measure,Information,Back_to_quantum,"",""
678,114-nature-ruiz-3.png,13a,Mid_circuit_measure,Information,Back_to_quantum,"",""
679,116-nature-ruiz-2.png,13a,Mid_circuit_measure,Information,Back_to_quantum,"",""
680,130-nature-hoch-1b.png,13a,Mid_circuit_measure,Information,Back_to_quantum,"",""
681,179-nature-gupta-1d.png,13a,Mid_circuit_measure,Information,Back_to_quantum,"",""
682,64-pennylane-bp.png,13a,Mid_circuit_measure,Information,Back_to_quantum,"",""
683,158-nature-ahmed-2b.png,13a,Mid_circuit_measure,Information,Back_to_quantum,"",""
708,64-pennylane-bp.png,13a,Mid_circuit_measure,Information,With_classical_component,"",""
709,02-aggregate-ellipsis.png,13a,Mid_circuit_measure,Information,With_classical_component,"",""
710,99-cirq-qaoa.png,13a,Mid_circuit_measure,Information,With_classical_component,"",""
711,117-nature-yan-2b.png,13a,Mid_circuit_measure,Information,With_classical_component,Others,""
712,119-nature-akpinar-1-3.png,13a,Mid_circuit_measure,Information,With_classical_component,"",""
713,128-nature-mihalikova-3.png,13a,Mid_circuit_measure,Information,With_classical_component,"",""
714,147-nature-feng-1.png,13a,Mid_circuit_measure,Information,With_classical_component,"",""
715,148-nautre-werner-1.png,13a,Mid_circuit_measure,Information,With_classical_component,"",""
716,154-nature-mourya-4.png,13a,Mid_circuit_measure,Information,With_classical_component,"",""
717,158-nature-ahmed-2b.png,13a,Mid_circuit_measure,Information,With_classical_component,"",""
718,161-nature-ghisoni-1.png,13a,Mid_circuit_measure,Information,With_classical_component,"",""
719,171-nature-meth-1d.png,13a,Mid_circuit_measure,Information,With_classical_component,"",""
720,20-qiskit-pauli-corr.avif,13a,Mid_circuit_measure,Information,With_classical_component,"",""
721,64-pennylane-bp.png,13b,Mid_circuit_measure,Representation,Arrow_with_classical_component,"",""
722,02-aggregate-ellipsis.png,13b,Mid_circuit_measure,Representation,Arrow_with_classical_component,"",""
723,99-cirq-qaoa.png,13b,Mid_circuit_measure,Representation,Arrow_with_classical_component,"",""
724,117-nature-yan-2b.png,13b,Mid_circuit_measure,Representation,Arrow_with_classical_component,Others,""
725,119-nature-akpinar-1-3.png,13b,Mid_circuit_measure,Representation,Arrow_with_classical_component,"",""
726,128-nature-mihalikova-3.png,13b,Mid_circuit_measure,Representation,Arrow_with_classical_component,"",""
727,147-nature-feng-1.png,13b,Mid_circuit_measure,Representation,Arrow_with_classical_component,"",""
728,148-nautre-werner-1.png,13b,Mid_circuit_measure,Representation,Arrow_with_classical_component,"",""
729,154-nature-mourya-4.png,13b,Mid_circuit_measure,Representation,Arrow_with_classical_component,"",""
730,158-nature-ahmed-2b.png,13b,Mid_circuit_measure,Representation,Arrow_with_classical_component,"",""
731,161-nature-ghisoni-1.png,13b,Mid_circuit_measure,Representation,Arrow_with_classical_component,"",""
732,171-nature-meth-1d.png,13b,Mid_circuit_measure,Representation,Arrow_with_classical_component,"",""
733,20-qiskit-pauli-corr.avif,13b,Mid_circuit_measure,Representation,Arrow_with_classical_component,"",""
734,29-qiskit-long-range.avif,03d,Layout_and_Format,Direction,Horizontal,"",""
735,48-pennylane-3-qubit-stabilize.png,03d,Layout_and_Format,Direction,Horizontal,"",""
736,49-pennylane-3-qubit-full.png,03d,Layout_and_Format,Direction,Horizontal,"",""
737,125-nature-than-6.png,03d,Layout_and_Format,Direction,Horizontal,"",""
738,129-nature-mihalikova-5.png,03d,Layout_and_Format,Direction,Horizontal,"",""
739,131-nature-hothem-1a.png,03d,Layout_and_Format,Direction,Horizontal,"",""
740,00-basic-with-hl.jpg,03d,Layout_and_Format,Direction,Horizontal,"",""
741,02-aggregate-ellipsis.png,03d,Layout_and_Format,Direction,Horizontal,"",""
742,24-qiskit-shors.svg,03d,Layout_and_Format,Direction,Horizontal,"",""
743,55-pennylane-catalyst.svg,03d,Layout_and_Format,Direction,Horizontal,"",""
744,137-nature-cai-2c.png,03d,Layout_and_Format,Direction,Horizontal,"",""
745,161-nature-ghisoni-1.png,03d,Layout_and_Format,Direction,Horizontal,"",""
746,177-nature-liao-4b.png,03d,Layout_and_Format,Direction,Horizontal,"",""
747,179-nature-gupta-1d.png,03d,Layout_and_Format,Direction,Horizontal,"",""
748,04-sectioning-anno.png,03d,Layout_and_Format,Direction,Horizontal,"",""
749,26-qiskit-bell-pairs.avif,03d,Layout_and_Format,Direction,Horizontal,"",""
750,27-qiskit-fractional.avif,03d,Layout_and_Format,Direction,Horizontal,"",""
751,60-pennylane-catalyst-6.svg,03d,Layout_and_Format,Direction,Horizontal,"",""
752,75-cirq-repeat.png,03d,Layout_and_Format,Direction,Horizontal,"",""
753,135-nature-google-2a.png,03d,Layout_and_Format,Direction,Horizontal,"",""
754,33-li-benjamin.avif,03d,Layout_and_Format,Direction,Horizontal,"",""
755,46-pennylane-select-swap.jpeg,03d,Layout_and_Format,Direction,Horizontal,"",""
756,57-pennylane-catalyst-3.svg,03d,Layout_and_Format,Direction,Horizontal,"",""
757,95-cirq-tele-2.png,03d,Layout_and_Format,Direction,Horizontal,"",""
758,132-nature-hothem-3.png,03d,Layout_and_Format,Direction,Horizontal,"",""
759,173-nature-brock-2b.png,03d,Layout_and_Format,Direction,Horizontal,"",""
760,174-nature-soltaninia-2a.png,03d,Layout_and_Format,Direction,Horizontal,"",""
761,12-3d-qubit-line-hl.jpg,03d,Layout_and_Format,Direction,Horizontal,"",""
762,39-pennylane-tensor.png,03d,Layout_and_Format,Direction,Horizontal,"",""
763,17-cartoons-2.png,03d,Layout_and_Format,Direction,Horizontal,"",""
764,47-pennylane-three-qubit.png,03d,Layout_and_Format,Direction,Horizontal,"",""
765,54-pennylane-non-clifford-2.png,03d,Layout_and_Format,Direction,Horizontal,"",""
766,61-pennylane-tele.png,03d,Layout_and_Format,Direction,Horizontal,"",""
767,110-nature-main-2a.png,03d,Layout_and_Format,Direction,Horizontal,"",""
768,112-nature-ruiz-1.png,03d,Layout_and_Format,Direction,Horizontal,"",""
769,119-nature-akpinar-1-3.png,03d,Layout_and_Format,Direction,Horizontal,"",""
770,171-nature-meth-1d.png,03d,Layout_and_Format,Direction,Horizontal,"",""
771,148-nautre-werner-1.png,03d,Layout_and_Format,Direction,Horizontal,"",""
772,19-qiskit-qaoa.svg,03d,Layout_and_Format,Direction,Horizontal,"",""
773,22-qiskit-hadamard-test.avif,03d,Layout_and_Format,Direction,Horizontal,"",""
774,28-qiskit-ghz-star-toplogy.avif,03d,Layout_and_Format,Direction,Horizontal,"",""
775,31-qiskit-cut-unfriendly.avif,03d,Layout_and_Format,Direction,Horizontal,"",""
776,40-pennylane-mdr.png,03d,Layout_and_Format,Direction,Horizontal,"",""
777,53-pennylane-non-clifford.png,03d,Layout_and_Format,Direction,Horizontal,"",""
778,64-pennylane-bp.png,03d,Layout_and_Format,Direction,Horizontal,"",""
779,121-nature-gao-3-3.png,03d,Layout_and_Format,Direction,Horizontal,"",""
780,130-nature-hoch-1b.png,03d,Layout_and_Format,Direction,Horizontal,"",""
781,140-nature-wing-bocanegra-8.png,03d,Layout_and_Format,Direction,Horizontal,"",""
782,154-nature-mourya-4.png,03d,Layout_and_Format,Direction,Horizontal,"",""
783,155-nature-du-6.png,03d,Layout_and_Format,Direction,Horizontal,"",""
784,159-nature-ahmed-3.png,03d,Layout_and_Format,Direction,Horizontal,"",""
785,172-nature-kim-3.png,03d,Layout_and_Format,Direction,Horizontal,"",""
786,178-nature-li-1c.png,03d,Layout_and_Format,Direction,Horizontal,"",""
787,35-vanderberg-pea.avif,03d,Layout_and_Format,Direction,Horizontal,"",""
788,38-qiskit-mpl-view-comb.avif,03d,Layout_and_Format,Direction,Horizontal,"",""
789,51-pennylane-hidden-cut.png,03d,Layout_and_Format,Direction,Horizontal,"",""
790,52-pennylane-chebyshev.png,03d,Layout_and_Format,Direction,Horizontal,"",""
791,120-nature-akpinar-4.png,03d,Layout_and_Format,Direction,Horizontal,"",""
792,146-nature-ringbauer-6.png,03d,Layout_and_Format,Direction,Horizontal,"",""
793,153-nature-hu-1.png,03d,Layout_and_Format,Direction,Horizontal,"",""
794,20-qiskit-pauli-corr.avif,03d,Layout_and_Format,Direction,Horizontal,"",""
795,34-kandala-connection.avif,03d,Layout_and_Format,Direction,Horizontal,"",""
796,67-pennylane-qml-3.png,03d,Layout_and_Format,Direction,Horizontal,"",""
797,116-nature-ruiz-2.png,03d,Layout_and_Format,Direction,Horizontal,"",""
798,124-nature-than-1c.png,03d,Layout_and_Format,Direction,Horizontal,"",""
799,126-nature-butt-3a.png,03d,Layout_and_Format,Direction,Horizontal,"",""
800,183-nature-xie-2.png,03d,Layout_and_Format,Direction,Horizontal,"",""
801,37-syndrome.avif,03d,Layout_and_Format,Direction,Horizontal,"",""
802,59-pennylane-catalyst-5.svg,03d,Layout_and_Format,Direction,Horizontal,"",""
803,62-pennylane-tele-2.png,03d,Layout_and_Format,Direction,Horizontal,"",""
804,99-cirq-qaoa.png,03d,Layout_and_Format,Direction,Horizontal,"",""
805,162-nature-dong-1.png,03d,Layout_and_Format,Direction,Horizontal,"",""
806,165-nature-xing-6.png,03d,Layout_and_Format,Direction,Horizontal,"",""
807,15-3d-horizontal.jpg,03d,Layout_and_Format,Direction,Horizontal,"",""
808,156-nature-zhang-4.png,03d,Layout_and_Format,Direction,Horizontal,"",""
809,176-nature-kim-5.png,03d,Layout_and_Format,Direction,Horizontal,"",""
810,01-basic-with-anno.jpg,03d,Layout_and_Format,Direction,Horizontal,"",""
811,06-large-circuot-boxing.png,03d,Layout_and_Format,Direction,Horizontal,"",""
812,07-line-wrapped.jpg,03d,Layout_and_Format,Direction,Horizontal,"",""
813,21-qiskit-qaoa-step1.avif,03d,Layout_and_Format,Direction,Horizontal,"",""
814,25-qiskit-grover.avif,03d,Layout_and_Format,Direction,Horizontal,"",""
815,43-qiskit-ising.avif,03d,Layout_and_Format,Direction,Horizontal,"",""
816,32-qiskit-short-many-qubits.avif,03d,Layout_and_Format,Direction,Horizontal,"",""
817,36-qiskit-bad.avif,03d,Layout_and_Format,Direction,Horizontal,"",""
818,50-pennylane-3q-concept.png,03d,Layout_and_Format,Direction,Horizontal,"",""
819,63-pennylane-loom.png,03d,Layout_and_Format,Direction,Horizontal,"",""
820,68-ftqc-1.png,03d,Layout_and_Format,Direction,Horizontal,"",""
821,113-nature-ruiz-2.png,03d,Layout_and_Format,Direction,Horizontal,"",""
822,114-nature-ruiz-3.png,03d,Layout_and_Format,Direction,Horizontal,"",""
823,141-nature-rajput-4.png,03d,Layout_and_Format,Direction,Horizontal,"",""
824,147-nature-feng-1.png,03d,Layout_and_Format,Direction,Horizontal,"",""
825,151-nature-bavaresco-2.png,03d,Layout_and_Format,Direction,Horizontal,"",""
826,157-nature-zhang-2.png,03d,Layout_and_Format,Direction,Horizontal,"",""
827,164-nature-jager-4a.png,03d,Layout_and_Format,Direction,Horizontal,"",""
828,45-pennylane-qpe.png,03d,Layout_and_Format,Direction,Horizontal,"",""
829,127-nature-zhu-1.png,03d,Layout_and_Format,Direction,Horizontal,"",""
830,65-pennylane-qml.png,03d,Layout_and_Format,Direction,Horizontal,"",""
831,91-cirq-pascal.png,03d,Layout_and_Format,Direction,Horizontal,"",""
832,117-nature-yan-2b.png,03d,Layout_and_Format,Direction,Horizontal,Others,""
833,150-nature-bavaresco-1.png,03d,Layout_and_Format,Direction,Horizontal,"",""
834,158-nature-ahmed-2b.png,03d,Layout_and_Format,Direction,Horizontal,"",""
835,73-cirq-append.png,03d,Layout_and_Format,Direction,Horizontal,"",""
836,109-nature-main-1c.png,03d,Layout_and_Format,Direction,Horizontal,"",""
837,111-nature-main-3a.png,03d,Layout_and_Format,Direction,Horizontal,"",""
838,14-cartoons.png,03d,Layout_and_Format,Direction,Horizontal,"",""
839,56-pennylane-catalyst-2.svg,03d,Layout_and_Format,Direction,Horizontal,"",""
840,58-pennylane-catalyst-4.svg,03d,Layout_and_Format,Direction,Horizontal,"",""
841,123-nature-zhang-3b.png,03d,Layout_and_Format,Direction,Horizontal,"",""
842,128-nature-mihalikova-3.png,03d,Layout_and_Format,Direction,Horizontal,"",""
843,138-nature-aljaedi-5.png,03d,Layout_and_Format,Direction,Horizontal,"",""
844,139-nature-wing-bocanegra-5.png,03d,Layout_and_Format,Direction,Horizontal,"",""
845,163-nature-long-3a.png,03d,Layout_and_Format,Direction,Horizontal,"",""
846,180-nature-lacroix-1ab.png,03d,Layout_and_Format,Direction,Horizontal,"",""
847,184-vanderberg-pea-2.png,03d,Layout_and_Format,Direction,Horizontal,"",""
848,05-vertical.png,03d,Layout_and_Format,Direction,Vertical,"",""
849,13-3d-vertical.jpg,03d,Layout_and_Format,Direction,Vertical,"",""
850,41-pennylane-mps-ani.gif,03d,Layout_and_Format,Direction,Vertical,"",""
851,118-nature-yan-4b.png,03d,Layout_and_Format,Direction,Vertical,"",""
852,149-nature-turkeshi-1.png,03d,Layout_and_Format,Direction,Vertical,"",""
853,152-nature-kang-3.png,03d,Layout_and_Format,Direction,Vertical,"",""
854,160-nature-shen-2b.png,03d,Layout_and_Format,Direction,Vertical,"",""
855,165-nature-xing-6.png,09e,Bit_lines,Representation_characteristic,Dynamic,"",""
856,174-nature-soltaninia-2a.png,09e,Bit_lines,Representation_characteristic,Dynamic,"",""
857,179-nature-gupta-1d.png,09e,Bit_lines,Representation_characteristic,Dynamic,"",""
858,02-aggregate-ellipsis.png,09e,Bit_lines,Representation_characteristic,Dynamic,"",""
859,55-pennylane-catalyst.svg,09e,Bit_lines,Representation_characteristic,Dynamic,"",""
860,04-sectioning-anno.png,09e,Bit_lines,Representation_characteristic,Dynamic,"",""
861,60-pennylane-catalyst-6.svg,09e,Bit_lines,Representation_characteristic,Dynamic,"",""
862,17-cartoons-2.png,09e,Bit_lines,Representation_characteristic,Dynamic,"",""
863,156-nature-zhang-4.png,09e,Bit_lines,Representation_characteristic,Dynamic,"",""
864,48-pennylane-3-qubit-stabilize.png,09e,Bit_lines,Representation_characteristic,Dynamic,"",""
865,60-pennylane-catalyst-6.svg,09e,Bit_lines,Representation_characteristic,Dynamic,"",""
866,63-pennylane-loom.png,09e,Bit_lines,Representation_characteristic,Dynamic,"",""
867,64-pennylane-bp.png,09e,Bit_lines,Representation_characteristic,Dynamic,"",""
868,165-nature-xing-6.png,09e,Bit_lines,Representation_characteristic,Dynamic,"",""
869,173-nature-brock-2b.png,09e,Bit_lines,Representation_characteristic,Dynamic,"",""
870,174-nature-soltaninia-2a.png,09e,Bit_lines,Representation_characteristic,Dynamic,"",""
871,176-nature-kim-5.png,09e,Bit_lines,Representation_characteristic,Dynamic,"",""
872,02-aggregate-ellipsis.png,09e,Bit_lines,Representation_characteristic,Dynamic,"",""
873,04-sectioning-anno.png,09e,Bit_lines,Representation_characteristic,Dynamic,"",""
874,17-cartoons-2.png,09e,Bit_lines,Representation_characteristic,Dynamic,"",""
875,156-nature-zhang-4.png,09e,Bit_lines,Representation_characteristic,Dynamic,"",""
876,46-pennylane-select-swap.jpeg,18c,Narrative,Emphasis,Selection,"",""
877,68-ftqc-1.png,18c,Narrative,Emphasis,Selection,"",""
878,158-nature-ahmed-2b.png,18c,Narrative,Emphasis,Selection,"",""
879,174-nature-soltaninia-2a.png,18c,Narrative,Emphasis,Selection,"",""
880,176-nature-kim-5.png,18c,Narrative,Emphasis,Selection,"",""
881,61-pennylane-tele.png,18c,Narrative,Emphasis,Selection,"",""
882,91-cirq-pascal.png,18c,Narrative,Emphasis,Selection,"",""
883,184-vanderberg-pea-2.png,18c,Narrative,Emphasis,Selection,"",""
884,126-nature-butt-3a.png,18c,Narrative,Emphasis,Selection,"",""
885,46-pennylane-select-swap.jpeg,15b,Selection,Method,Emphasis,"",""
886,68-ftqc-1.png,15b,Selection,Method,Emphasis,"",""
887,158-nature-ahmed-2b.png,15b,Selection,Method,Emphasis,"",""
888,174-nature-soltaninia-2a.png,15b,Selection,Method,Emphasis,"",""
889,176-nature-kim-5.png,15b,Selection,Method,Emphasis,"",""
890,61-pennylane-tele.png,15b,Selection,Method,Emphasis,"",""
891,91-cirq-pascal.png,15b,Selection,Method,Emphasis,"",""
892,184-vanderberg-pea-2.png,15b,Selection,Method,Emphasis,"",""
893,126-nature-butt-3a.png,15b,Selection,Method,Emphasis,"",""
894,00-basic-with-hl.jpg,18c,Narrative,Emphasis,Selection,"",""
895,11-3d-pictures.png,18c,Narrative,Emphasis,Selection,"",""
896,17-cartoons-2.png,18c,Narrative,Emphasis,Selection,"",""
897,29-qiskit-long-range.avif,18c,Narrative,Emphasis,Selection,"",""
898,46-pennylane-select-swap.jpeg,18c,Narrative,Emphasis,Selection,"",""
899,55-pennylane-catalyst.svg,18c,Narrative,Emphasis,Selection,"",""
900,59-pennylane-catalyst-5.svg,18c,Narrative,Emphasis,Selection,"",""
901,115-nature-ruiz-1.png,18c,Narrative,Emphasis,Selection,"",""
902,145-nature-ringbauer-1b.png,18c,Narrative,Emphasis,Selection,"",""
903,164-nature-jager-4a.png,18c,Narrative,Emphasis,Selection,"",""
904,168-nature-pecorari-1a.png,18c,Narrative,Emphasis,Selection,"",""
905,170-pecorari-2c2.png,18c,Narrative,Emphasis,Selection,"",""
906,176-nature-kim-5.png,18c,Narrative,Emphasis,Selection,"",""
907,49-pennylane-3-qubit-full.png,18c,Narrative,Emphasis,Selection,"",""
908,125-nature-than-6.png,18c,Narrative,Emphasis,Selection,"",""
909,136-nature-google-2b.png,18c,Narrative,Emphasis,Selection,"",""
910,24-qiskit-shors.svg,18c,Narrative,Emphasis,Selection,"",""
911,60-pennylane-catalyst-6.svg,18c,Narrative,Emphasis,Selection,"",""
912,47-pennylane-three-qubit.png,18c,Narrative,Emphasis,Selection,"",""
913,110-nature-main-2a.png,18c,Narrative,Emphasis,Selection,"",""
914,148-nautre-werner-1.png,18c,Narrative,Emphasis,Selection,"",""
915,178-nature-li-1c.png,18c,Narrative,Emphasis,Selection,"",""
916,124-nature-than-1c.png,18c,Narrative,Emphasis,Selection,"",""
917,62-pennylane-tele-2.png,18c,Narrative,Emphasis,Selection,"",""
918,165-nature-xing-6.png,18c,Narrative,Emphasis,Selection,"",""
919,122-nature-zhang-3a.png,18c,Narrative,Emphasis,Selection,"",""
920,109-nature-main-1c.png,18c,Narrative,Emphasis,Selection,"",""
921,58-pennylane-catalyst-4.svg,18c,Narrative,Emphasis,Selection,"",""
922,61-pennylane-tele.png,18c,Narrative,Emphasis,Selection,"",""
923,63-pennylane-loom.png,18c,Narrative,Emphasis,Selection,"",""
924,139-nature-wing-bocanegra-5.png,18c,Narrative,Emphasis,Selection,"",""
925,50-pennylane-3q-concept.png,18c,Narrative,Emphasis,Selection,"",""
926,57-pennylane-catalyst-3.svg,18c,Narrative,Emphasis,Selection,"",""
927,111-nature-main-3a.png,18c,Narrative,Emphasis,Selection,"",""
928,00-basic-with-hl.jpg,15b,Selection,Method,Emphasis,"",""
929,11-3d-pictures.png,15b,Selection,Method,Emphasis,"",""
930,17-cartoons-2.png,15b,Selection,Method,Emphasis,"",""
931,29-qiskit-long-range.avif,15b,Selection,Method,Emphasis,"",""
932,46-pennylane-select-swap.jpeg,15b,Selection,Method,Emphasis,"",""
933,55-pennylane-catalyst.svg,15b,Selection,Method,Emphasis,"",""
934,59-pennylane-catalyst-5.svg,15b,Selection,Method,Emphasis,"",""
935,115-nature-ruiz-1.png,15b,Selection,Method,Emphasis,"",""
936,145-nature-ringbauer-1b.png,15b,Selection,Method,Emphasis,"",""
937,164-nature-jager-4a.png,15b,Selection,Method,Emphasis,"",""
938,168-nature-pecorari-1a.png,15b,Selection,Method,Emphasis,"",""
939,170-pecorari-2c2.png,15b,Selection,Method,Emphasis,"",""
940,176-nature-kim-5.png,15b,Selection,Method,Emphasis,"",""
941,49-pennylane-3-qubit-full.png,15b,Selection,Method,Emphasis,"",""
942,125-nature-than-6.png,15b,Selection,Method,Emphasis,"",""
943,136-nature-google-2b.png,15b,Selection,Method,Emphasis,"",""
944,24-qiskit-shors.svg,15b,Selection,Method,Emphasis,"",""
945,60-pennylane-catalyst-6.svg,15b,Selection,Method,Emphasis,"",""
946,47-pennylane-three-qubit.png,15b,Selection,Method,Emphasis,"",""
947,110-nature-main-2a.png,15b,Selection,Method,Emphasis,"",""
948,148-nautre-werner-1.png,15b,Selection,Method,Emphasis,"",""
949,178-nature-li-1c.png,15b,Selection,Method,Emphasis,"",""
950,124-nature-than-1c.png,15b,Selection,Method,Emphasis,"",""
951,62-pennylane-tele-2.png,15b,Selection,Method,Emphasis,"",""
952,165-nature-xing-6.png,15b,Selection,Method,Emphasis,"",""
953,122-nature-zhang-3a.png,15b,Selection,Method,Emphasis,"",""
954,109-nature-main-1c.png,15b,Selection,Method,Emphasis,"",""
955,58-pennylane-catalyst-4.svg,15b,Selection,Method,Emphasis,"",""
956,61-pennylane-tele.png,15b,Selection,Method,Emphasis,"",""
957,63-pennylane-loom.png,15b,Selection,Method,Emphasis,"",""
958,139-nature-wing-bocanegra-5.png,15b,Selection,Method,Emphasis,"",""
959,50-pennylane-3q-concept.png,15b,Selection,Method,Emphasis,"",""
960,57-pennylane-catalyst-3.svg,15b,Selection,Method,Emphasis,"",""
961,111-nature-main-3a.png,15b,Selection,Method,Emphasis,"",""
962,04-sectioning-anno.png,18c,Narrative,Emphasis,Program_information,At_moment,""
963,17-cartoons-2.png,18c,Narrative,Emphasis,Program_information,At_moment,""
964,116-nature-ruiz-2.png,18c,Narrative,Emphasis,Program_information,At_moment,""
965,182-nature-lacroix-3d.png,18c,Narrative,Emphasis,Program_information,At_moment,""
966,31-qiskit-cut-unfriendly.avif,18c,Narrative,Emphasis,Selection,"",""
967,31-qiskit-cut-unfriendly.avif,15b,Selection,Method,Emphasis,"",""
968,20-qiskit-pauli-corr.avif,18c,Narrative,Emphasis,Selection_between_element,"",""
969,01-basic-with-anno.jpg,18c,Narrative,Emphasis,Selection_between_element,"",""
970,99-cirq-qaoa.png,18c,Narrative,Emphasis,Selection_between_element,"",""
971,111-nature-main-3a.png,18c,Narrative,Emphasis,Selection_between_element,"",""
972,119-nature-akpinar-1-3.png,18c,Narrative,Emphasis,Selection_between_element,"",""
973,126-nature-butt-3a.png,18c,Narrative,Emphasis,Selection_between_element,"",""
974,128-nature-mihalikova-3.png,18c,Narrative,Emphasis,Selection_between_element,"",""
975,130-nature-hoch-1b.png,18c,Narrative,Emphasis,Selection_between_element,"",""
976,144-nature-ringbauer-1c.png,18c,Narrative,Emphasis,Selection_between_element,"",""
977,163-nature-long-3a.png,18c,Narrative,Emphasis,Selection_between_element,"",""
978,168-nature-pecorari-1a.png,18c,Narrative,Emphasis,Selection_between_element,"",""
979,181-nature-lacroix-1cd.png,18c,Narrative,Emphasis,Selection_between_element,"",""
980,34-kandala-connection.avif,18c,Narrative,Emphasis,Selection_cross_view,"",""
981,57-pennylane-catalyst-3.svg,18c,Narrative,Emphasis,Selection_cross_view,"",""
982,70-ftqc-3.png,18c,Narrative,Emphasis,Selection_cross_view,"",""
983,168-nature-pecorari-1a.png,18c,Narrative,Emphasis,Selection_cross_view,"",""
984,172-nature-kim-3.png,18c,Narrative,Emphasis,Selection_cross_view,"",""
985,34-kandala-connection.avif,15c,Selection,Characteristic,Cross_view,"",""
986,57-pennylane-catalyst-3.svg,15c,Selection,Characteristic,Cross_view,"",""
987,70-ftqc-3.png,15c,Selection,Characteristic,Cross_view,"",""
988,168-nature-pecorari-1a.png,15c,Selection,Characteristic,Cross_view,"",""
989,172-nature-kim-3.png,15c,Selection,Characteristic,Cross_view,"",""
990,11-3d-pictures.png,18c,Narrative,Emphasis,Program_information,Error,""
991,64-pennylane-bp.png,18c,Narrative,Emphasis,Program_information,Error,""
992,17-cartoons-2.png,18c,Narrative,Emphasis,Program_information,Error,""
993,123-nature-zhang-3b.png,18c,Narrative,Emphasis,Program_information,Error,""
994,146-nature-ringbauer-6.png,18c,Narrative,Emphasis,Program_information,Error,""
995,48-pennylane-3-qubit-stabilize.png,18c,Narrative,Emphasis,Program_information,Error,""
996,50-pennylane-3q-concept.png,18c,Narrative,Emphasis,Program_information,Error,""
999,10-3d-annotations.jpg,18c,Narrative,Emphasis,Program_information,Lightcone,""
1000,149-nature-turkeshi-1.png,18c,Narrative,Emphasis,Program_information,Lightcone,""
1001,06-large-circuot-boxing.png,18c,Narrative,Emphasis,Selection,"",""
1002,14-cartoons.png,18c,Narrative,Emphasis,Selection,"",""
1003,20-qiskit-pauli-corr.avif,18c,Narrative,Emphasis,Selection,"",""
1004,33-li-benjamin.avif,18c,Narrative,Emphasis,Selection,"",""
1005,39-pennylane-tensor.png,18c,Narrative,Emphasis,Selection,"",""
1006,40-pennylane-mdr.png,18c,Narrative,Emphasis,Selection,"",""
1007,17-cartoons-2.png,18c,Narrative,Emphasis,Selection,"",""
1008,119-nature-akpinar-1-3.png,18c,Narrative,Emphasis,Selection,"",""
1009,152-nature-kang-3.png,18c,Narrative,Emphasis,Selection,"",""
1010,154-nature-mourya-4.png,18c,Narrative,Emphasis,Selection,"",""
1011,159-nature-ahmed-3.png,18c,Narrative,Emphasis,Selection,"",""
1012,160-nature-shen-2b.png,18c,Narrative,Emphasis,Selection,"",""
1013,161-nature-ghisoni-1.png,18c,Narrative,Emphasis,Selection,"",""
1014,162-nature-dong-1.png,18c,Narrative,Emphasis,Selection,"",""
1015,164-nature-jager-4a.png,18c,Narrative,Emphasis,Selection,"",""
1016,172-nature-kim-3.png,18c,Narrative,Emphasis,Selection,"",""
1017,180-nature-lacroix-1ab.png,18c,Narrative,Emphasis,Selection,"",""
1018,183-nature-xie-2.png,18c,Narrative,Emphasis,Selection,"",""
1019,80-cirq-with-noise.png,18c,Narrative,Emphasis,Selection,"",""
1020,98-cirq-linear.png,18c,Narrative,Emphasis,Selection,"",""
1021,131-nature-hothem-1a.png,18c,Narrative,Emphasis,Selection,"",""
1022,87-cirq-routing.png,18c,Narrative,Emphasis,Selection,"",""
1023,132-nature-hothem-3.png,18c,Narrative,Emphasis,Selection,"",""
1024,88-cirq-routing-compare.png,18c,Narrative,Emphasis,Selection,"",""
1025,97-cirq-vqe.png,18c,Narrative,Emphasis,Selection,"",""
1026,19-qiskit-qaoa.svg,18c,Narrative,Emphasis,Selection,"",""
1027,35-vanderberg-pea.avif,18c,Narrative,Emphasis,Selection,"",""
1028,153-nature-hu-1.png,18c,Narrative,Emphasis,Selection,"",""
1029,83-ciq-transformer.png,18c,Narrative,Emphasis,Selection,"",""
1030,167-nature-verma-4.png,18c,Narrative,Emphasis,Selection,"",""
1031,101-cirq-chess.png,18c,Narrative,Emphasis,Selection,"",""
1032,113-nature-ruiz-2.png,18c,Narrative,Emphasis,Selection,"",""
1033,65-pennylane-qml.png,18c,Narrative,Emphasis,Selection,"",""
1034,04-sectioning-anno.png,18c,Narrative,Emphasis,Selection,"",""
1035,184-vanderberg-pea-2.png,18c,Narrative,Emphasis,Selection,"",""
1036,99-cirq-qaoa.png,18c,Narrative,Emphasis,Selection,"",""
1037,114-nature-ruiz-3.png,18c,Narrative,Emphasis,Selection,"",""
1038,123-nature-zhang-3b.png,18c,Narrative,Emphasis,Selection,"",""
1039,124-nature-than-1c.png,18c,Narrative,Emphasis,Selection,"",""
1040,182-nature-lacroix-3d.png,18c,Narrative,Emphasis,Selection,"",""
1041,126-nature-butt-3a.png,18c,Narrative,Emphasis,Selection,"",""
1042,135-nature-google-2a.png,18c,Narrative,Emphasis,Selection,"",""
1043,06-large-circuot-boxing.png,15b,Selection,Method,Emphasis,"",""
1044,14-cartoons.png,15b,Selection,Method,Emphasis,"",""
1045,20-qiskit-pauli-corr.avif,15b,Selection,Method,Emphasis,"",""
1046,33-li-benjamin.avif,15b,Selection,Method,Emphasis,"",""
1047,39-pennylane-tensor.png,15b,Selection,Method,Emphasis,"",""
1048,40-pennylane-mdr.png,15b,Selection,Method,Emphasis,"",""
1049,17-cartoons-2.png,15b,Selection,Method,Emphasis,"",""
1050,119-nature-akpinar-1-3.png,15b,Selection,Method,Emphasis,"",""
1051,152-nature-kang-3.png,15b,Selection,Method,Emphasis,"",""
1052,154-nature-mourya-4.png,15b,Selection,Method,Emphasis,"",""
1053,159-nature-ahmed-3.png,15b,Selection,Method,Emphasis,"",""
1054,160-nature-shen-2b.png,15b,Selection,Method,Emphasis,"",""
1055,161-nature-ghisoni-1.png,15b,Selection,Method,Emphasis,"",""
1056,162-nature-dong-1.png,15b,Selection,Method,Emphasis,"",""
1057,164-nature-jager-4a.png,15b,Selection,Method,Emphasis,"",""
1058,172-nature-kim-3.png,15b,Selection,Method,Emphasis,"",""
1059,180-nature-lacroix-1ab.png,15b,Selection,Method,Emphasis,"",""
1060,183-nature-xie-2.png,15b,Selection,Method,Emphasis,"",""
1061,80-cirq-with-noise.png,15b,Selection,Method,Emphasis,"",""
1062,98-cirq-linear.png,15b,Selection,Method,Emphasis,"",""
1063,131-nature-hothem-1a.png,15b,Selection,Method,Emphasis,"",""
1064,87-cirq-routing.png,15b,Selection,Method,Emphasis,"",""
1065,132-nature-hothem-3.png,15b,Selection,Method,Emphasis,"",""
1066,88-cirq-routing-compare.png,15b,Selection,Method,Emphasis,"",""
1067,97-cirq-vqe.png,15b,Selection,Method,Emphasis,"",""
1068,19-qiskit-qaoa.svg,15b,Selection,Method,Emphasis,"",""
1069,35-vanderberg-pea.avif,15b,Selection,Method,Emphasis,"",""
1070,153-nature-hu-1.png,15b,Selection,Method,Emphasis,"",""
1071,83-ciq-transformer.png,15b,Selection,Method,Emphasis,"",""
1072,167-nature-verma-4.png,15b,Selection,Method,Emphasis,"",""
1073,101-cirq-chess.png,15b,Selection,Method,Emphasis,"",""
1074,113-nature-ruiz-2.png,15b,Selection,Method,Emphasis,"",""
1075,65-pennylane-qml.png,15b,Selection,Method,Emphasis,"",""
1076,04-sectioning-anno.png,15b,Selection,Method,Emphasis,"",""
1077,184-vanderberg-pea-2.png,15b,Selection,Method,Emphasis,"",""
1078,99-cirq-qaoa.png,15b,Selection,Method,Emphasis,"",""
1079,114-nature-ruiz-3.png,15b,Selection,Method,Emphasis,"",""
1080,123-nature-zhang-3b.png,15b,Selection,Method,Emphasis,"",""
1081,124-nature-than-1c.png,15b,Selection,Method,Emphasis,"",""
1082,182-nature-lacroix-3d.png,15b,Selection,Method,Emphasis,"",""
1083,126-nature-butt-3a.png,15b,Selection,Method,Emphasis,"",""
1084,135-nature-google-2a.png,15b,Selection,Method,Emphasis,"",""
1085,01-basic-with-anno.jpg,18c,Narrative,Emphasis,Element_detail,"",""
1086,04-sectioning-anno.png,18c,Narrative,Emphasis,Element_detail,"",""
1087,63-pennylane-loom.png,18c,Narrative,Emphasis,Element_detail,"",""
1088,66-pennylane-qml-2.png,18c,Narrative,Emphasis,Element_detail,"",""
1089,102-cirq-toric.png,18c,Narrative,Emphasis,Element_detail,"",""
1090,115-nature-ruiz-1.png,18c,Narrative,Emphasis,Element_detail,"",""
1091,130-nature-hoch-1b.png,18c,Narrative,Emphasis,Element_detail,"",""
1092,59-pennylane-catalyst-5.svg,18c,Narrative,Emphasis,Selection,"",""
1093,73-cirq-append.png,18c,Narrative,Emphasis,Selection,"",""
1094,120-nature-akpinar-4.png,18c,Narrative,Emphasis,Selection,"",""
1095,163-nature-long-3a.png,18c,Narrative,Emphasis,Selection,"",""
1096,121-nature-gao-3-3.png,18c,Narrative,Emphasis,Selection,"",""
1097,138-nature-aljaedi-5.png,18c,Narrative,Emphasis,Selection,"",""
1098,139-nature-wing-bocanegra-5.png,18c,Narrative,Emphasis,Selection,"",""
1099,172-nature-kim-3.png,18c,Narrative,Emphasis,Selection,"",""
1100,174-nature-soltaninia-2a.png,18c,Narrative,Emphasis,Selection,"",""
1101,180-nature-lacroix-1ab.png,18c,Narrative,Emphasis,Selection,"",""
1102,29-qiskit-long-range.avif,18c,Narrative,Emphasis,Program_information,Others,""
1103,26-qiskit-bell-pairs.avif,18c,Narrative,Emphasis,Element_detail,"",""
1104,37-syndrome.avif,18c,Narrative,Emphasis,Element_detail,"",""
1105,128-nature-mihalikova-3.png,18c,Narrative,Emphasis,Selection,"",""
1106,161-nature-ghisoni-1.png,18c,Narrative,Emphasis,Selection,"",""
1107,163-nature-long-3a.png,18c,Narrative,Emphasis,Selection,"",""
1108,128-nature-mihalikova-3.png,15b,Selection,Method,Emphasis,"",""
1109,161-nature-ghisoni-1.png,15b,Selection,Method,Emphasis,"",""
1110,163-nature-long-3a.png,15b,Selection,Method,Emphasis,"",""
1111,75-cirq-repeat.png,18c,Narrative,Emphasis,Progression,"",""
1112,74-cirq-qft.png,18c,Narrative,Emphasis,Progression,"",""
1113,114-nature-ruiz-3.png,18c,Narrative,Emphasis,Selection,"",""
1114,114-nature-ruiz-3.png,15b,Selection,Method,Emphasis,"",""
1115,126-nature-butt-3a.png,18c,Narrative,Emphasis,Progression,"",""
1116,135-nature-google-2a.png,18c,Narrative,Emphasis,Progression,"",""
1117,23-qiskit-nishimori.avif,10a,Qubit_connectivity,Information,Partition,"",""
1118,102-cirq-toric.png,10a,Qubit_connectivity,Information,Partition,"",""
1119,122-nature-zhang-3a.png,10a,Qubit_connectivity,Information,Partition,"",""
1120,134-nature-hillmann-2.png,10a,Qubit_connectivity,Information,Partition,"",""
1121,18-on-machine-a.avif,10a,Qubit_connectivity,Information,Partition,"",""
1122,186-cirq-fh.png,10a,Qubit_connectivity,Information,Partition,"",""
1123,18-on-machine-a.avif,10a,Qubit_connectivity,Information,Partition,"",""
1124,102-cirq-toric.png,10a,Qubit_connectivity,Information,Partition,"",""
1125,23-qiskit-nishimori.avif,15a,Selection,Unit,2_qubit_connectivity,"",""
1126,102-cirq-toric.png,15a,Selection,Unit,2_qubit_connectivity,"",""
1127,122-nature-zhang-3a.png,15a,Selection,Unit,2_qubit_connectivity,"",""
1128,134-nature-hillmann-2.png,15a,Selection,Unit,2_qubit_connectivity,"",""
1129,18-on-machine-a.avif,15a,Selection,Unit,2_qubit_connectivity,"",""
1130,186-cirq-fh.png,15a,Selection,Unit,2_qubit_connectivity,"",""
1131,18-on-machine-a.avif,15a,Selection,Unit,2_qubit_connectivity,"",""
1132,102-cirq-toric.png,15a,Selection,Unit,2_qubit_connectivity,"",""
1133,23-qiskit-nishimori.avif,15b,Selection,Method,Encoding,"",""
1134,102-cirq-toric.png,15b,Selection,Method,Encoding,"",""
1135,122-nature-zhang-3a.png,15b,Selection,Method,Encoding,"",""
1136,134-nature-hillmann-2.png,15b,Selection,Method,Encoding,"",""
1137,18-on-machine-a.avif,15b,Selection,Method,Encoding,"",""
1138,186-cirq-fh.png,15b,Selection,Method,Encoding,"",""
1139,18-on-machine-a.avif,15b,Selection,Method,Encoding,"",""
1140,102-cirq-toric.png,15b,Selection,Method,Encoding,"",""
1141,23-qiskit-nishimori.avif,10a,Qubit_connectivity,Information,2_qubit,"",""
1142,102-cirq-toric.png,10a,Qubit_connectivity,Information,2_qubit,"",""
1143,122-nature-zhang-3a.png,10a,Qubit_connectivity,Information,2_qubit,"",""
1144,134-nature-hillmann-2.png,10a,Qubit_connectivity,Information,2_qubit,"",""
1145,18-on-machine-a.avif,10a,Qubit_connectivity,Information,2_qubit,"",""
1146,186-cirq-fh.png,10a,Qubit_connectivity,Information,2_qubit,"",""
1147,18-on-machine-a.avif,10a,Qubit_connectivity,Information,2_qubit,"",""
1148,102-cirq-toric.png,10a,Qubit_connectivity,Information,2_qubit,"",""
1149,23-qiskit-nishimori.avif,16a,Channel,Object,Stroke_color,"",""
1150,102-cirq-toric.png,16a,Channel,Object,Stroke_color,"",""
1151,122-nature-zhang-3a.png,16a,Channel,Object,Stroke_color,"",""
1152,134-nature-hillmann-2.png,16a,Channel,Object,Stroke_color,"",""
1153,18-on-machine-a.avif,16a,Channel,Object,Stroke_color,"",""
1154,186-cirq-fh.png,16a,Channel,Object,Stroke_color,"",""
1155,18-on-machine-a.avif,16a,Channel,Object,Stroke_width,"",""
1156,102-cirq-toric.png,16a,Channel,Object,Fill_color,"",""
1157,16-heatmap.jpg,11a,Gate,Information,Error_rate,"",""
1158,69-ftqc-2.png,11a,Gate,Information,Error_rate,"",""
1159,89-cirq-machine-1.png,11a,Gate,Information,Error_rate,"",""
1160,90-cirq-machine-2.png,11a,Gate,Information,Error_rate,"",""
1161,93-cirq-mocking-2.png,11a,Gate,Information,Error_rate,"",""
1162,134-nature-hillmann-2.png,11a,Gate,Information,Error_rate,"",""
1163,133-nature-hillmann-1.png,11a,Gate,Information,Error_type,"",""
1164,17-cartoons-2.png,11a,Gate,Information,Error_type,"",""
1165,69-ftqc-2.png,11a,Gate,Information,Error_type,"",""
1166,133-nature-hillmann-1.png,11a,Gate,Information,Error_type,"",""
1167,182-nature-lacroix-3d.png,11a,Gate,Information,Error_type,"",""
1168,175-nature-kim-1b.png,11a,Gate,Information,Error_type,"",""
1169,16-heatmap.jpg,16a,Channel,Object,Fill_color,"",""
1170,69-ftqc-2.png,16a,Channel,Object,Fill_color,"",""
1171,89-cirq-machine-1.png,16a,Channel,Object,Fill_color,"",""
1172,90-cirq-machine-2.png,16a,Channel,Object,Fill_color,"",""
1173,93-cirq-mocking-2.png,16a,Channel,Object,Fill_color,"",""
1174,134-nature-hillmann-2.png,16a,Channel,Object,Fill_color,"",""
1175,133-nature-hillmann-1.png,16a,Channel,Object,Fill_color,"",""
1176,17-cartoons-2.png,16a,Channel,Object,Fill_color,"",""
1177,69-ftqc-2.png,16a,Channel,Object,Shape,"",""
1178,133-nature-hillmann-1.png,16a,Channel,Object,Fill_color,"",""
1179,182-nature-lacroix-3d.png,16b,Channel,Object_shade,Fill_color,"",""
1180,175-nature-kim-1b.png,16a,Channel,Object,Fill_color,"",""
1181,106-cirq-lat-gau-2.png,09a,Qubit,Information,Fidelity,"",""
1182,107-cirq-lat-gau-3.png,09a,Qubit,Information,Fidelity,"",""
1183,108-cirq-lat-gau-4.png,09a,Qubit,Information,Fidelity,"",""
1184,105-cirq-lat-gau-1.png,09a,Qubit,Information,Fidelity,"",""
1185,108-cirq-lat-gau-4.png,09a,Qubit,Information,Fidelity,"",""
1186,106-cirq-lat-gau-2.png,16b,Channel,Object_shade,Fill_color,"",""
1187,107-cirq-lat-gau-3.png,16b,Channel,Object_shade,Fill_color,"",""
1188,108-cirq-lat-gau-4.png,16b,Channel,Object_shade,Fill_color,"",""
1189,105-cirq-lat-gau-1.png,16a,Channel,Object,Fill_color,"",""
1190,108-cirq-lat-gau-4.png,16a,Channel,Object,Fill_color,"",""
1191,132-nature-hothem-3.png,11a,Gate,Information,Gate_group,"",""
1192,119-nature-akpinar-1-3.png,11a,Gate,Information,Gate_group,"",""
1193,53-pennylane-non-clifford.png,11a,Gate,Information,Gate_group,"",""
1194,54-pennylane-non-clifford-2.png,11a,Gate,Information,Gate_group,"",""
1195,62-pennylane-tele-2.png,11a,Gate,Information,Gate_group,"",""
1196,12-3d-qubit-line-hl.jpg,11a,Gate,Information,Gate_group,"",""
1197,61-pennylane-tele.png,11a,Gate,Information,Gate_group,"",""
1198,62-pennylane-tele-2.png,11a,Gate,Information,Gate_group,"",""
1199,33-li-benjamin.avif,11a,Gate,Information,Gate_group,"",""
1200,128-nature-mihalikova-3.png,11a,Gate,Information,Gate_group,"",""
1201,184-vanderberg-pea-2.png,11a,Gate,Information,Gate_group,"",""
1202,119-nature-akpinar-1-3.png,11a,Gate,Information,Gate_group,"",""
1203,132-nature-hothem-3.png,15a,Selection,Unit,Gate,"",""
1204,119-nature-akpinar-1-3.png,15a,Selection,Unit,Gate,"",""
1205,53-pennylane-non-clifford.png,15a,Selection,Unit,Gate,"",""
1206,54-pennylane-non-clifford-2.png,15a,Selection,Unit,Gate,"",""
1207,62-pennylane-tele-2.png,15a,Selection,Unit,Gate,"",""
1208,12-3d-qubit-line-hl.jpg,15a,Selection,Unit,Gate,"",""
1209,61-pennylane-tele.png,15a,Selection,Unit,Gate,"",""
1210,62-pennylane-tele-2.png,15a,Selection,Unit,Gate,"",""
1211,33-li-benjamin.avif,15a,Selection,Unit,Gate,"",""
1212,128-nature-mihalikova-3.png,15a,Selection,Unit,Gate,"",""
1213,184-vanderberg-pea-2.png,15a,Selection,Unit,Gate,"",""
1214,119-nature-akpinar-1-3.png,15a,Selection,Unit,Gate,"",""
1215,70-ftqc-3.png,11a,Gate,Information,Gate_type,"",""
1216,92-cirq-mocking.png,11a,Gate,Information,Gate_type,"",""
1217,29-qiskit-long-range.avif,11a,Gate,Information,Gate_type,"",""
1218,34-kandala-connection.avif,11a,Gate,Information,Gate_type,"",""
1219,35-vanderberg-pea.avif,11a,Gate,Information,Gate_type,"",""
1220,45-pennylane-qpe.png,11a,Gate,Information,Gate_type,"",""
1221,49-pennylane-3-qubit-full.png,11a,Gate,Information,Gate_type,"",""
1222,50-pennylane-3q-concept.png,11a,Gate,Information,Gate_type,"",""
1223,55-pennylane-catalyst.svg,11a,Gate,Information,Gate_type,"",""
1224,56-pennylane-catalyst-2.svg,11a,Gate,Information,Gate_type,"",""
1225,57-pennylane-catalyst-3.svg,11a,Gate,Information,Gate_type,"",""
1226,58-pennylane-catalyst-4.svg,11a,Gate,Information,Gate_type,"",""
1227,60-pennylane-catalyst-6.svg,11a,Gate,Information,Gate_type,"",""
1228,63-pennylane-loom.png,11a,Gate,Information,Gate_type,"",""
1229,68-ftqc-1.png,11a,Gate,Information,Gate_type,"",""
1230,120-nature-akpinar-4.png,11a,Gate,Information,Gate_type,"",""
1231,153-nature-hu-1.png,11a,Gate,Information,Gate_type,"",""
1232,159-nature-ahmed-3.png,11a,Gate,Information,Gate_type,"",""
1233,160-nature-shen-2b.png,11a,Gate,Information,Gate_type,"",""
1234,163-nature-long-3a.png,11a,Gate,Information,Gate_type,"",""
1235,177-nature-liao-4b.png,11a,Gate,Information,Gate_type,"",""
1236,179-nature-gupta-1d.png,11a,Gate,Information,Gate_type,"",""
1237,183-nature-xie-2.png,11a,Gate,Information,Gate_type,"",""
1238,09-3d-large.jpg,11a,Gate,Information,Gate_type,"",""
1239,48-pennylane-3-qubit-stabilize.png,11a,Gate,Information,Gate_type,"",""
1240,00-basic-with-hl.jpg,11a,Gate,Information,Gate_type,"",""
1241,02-aggregate-ellipsis.png,11a,Gate,Information,Gate_type,"",""
1242,26-qiskit-bell-pairs.avif,11a,Gate,Information,Gate_type,"",""
1243,27-qiskit-fractional.avif,11a,Gate,Information,Gate_type,"",""
1244,39-pennylane-tensor.png,11a,Gate,Information,Gate_type,"",""
1245,19-qiskit-qaoa.svg,11a,Gate,Information,Gate_type,"",""
1246,40-pennylane-mdr.png,11a,Gate,Information,Gate_type,"",""
1247,154-nature-mourya-4.png,11a,Gate,Information,Gate_type,"",""
1248,51-pennylane-hidden-cut.png,11a,Gate,Information,Gate_type,"",""
1249,52-pennylane-chebyshev.png,11a,Gate,Information,Gate_type,"",""
1250,08-3d-pauli.jpg,11a,Gate,Information,Gate_type,"",""
1251,15-3d-horizontal.jpg,11a,Gate,Information,Gate_type,"",""
1252,01-basic-with-anno.jpg,11a,Gate,Information,Gate_type,"",""
1253,06-large-circuot-boxing.png,11a,Gate,Information,Gate_type,"",""
1254,07-line-wrapped.jpg,11a,Gate,Information,Gate_type,"",""
1255,25-qiskit-grover.avif,11a,Gate,Information,Gate_type,"",""
1256,32-qiskit-short-many-qubits.avif,11a,Gate,Information,Gate_type,"",""
1257,151-nature-bavaresco-2.png,11a,Gate,Information,Gate_type,"",""
1258,164-nature-jager-4a.png,11a,Gate,Information,Gate_type,"",""
1259,150-nature-bavaresco-1.png,11a,Gate,Information,Gate_type,"",""
1260,14-cartoons.png,11a,Gate,Information,Gate_type,"",""
1261,168-nature-pecorari-1a.png,11a,Gate,Information,Gate_type,"",""
1262,170-pecorari-2c2.png,11a,Gate,Information,Gate_type,"",""
1263,39-pennylane-tensor.png,11a,Gate,Information,Gate_type,"",""
1264,45-pennylane-qpe.png,11a,Gate,Information,Gate_type,"",""
1265,01-basic-with-anno.jpg,11a,Gate,Information,Gate_type,"",""
1266,70-ftqc-3.png,11a,Gate,Information,Gate_type,"",""
1267,169-nature-pecorari-2b.png,11a,Gate,Information,Gate_type,"",""
1268,92-cirq-mocking.png,11a,Gate,Information,Gate_type,"",""
1269,11-3d-pictures.png,11a,Gate,Information,Gate_type,"",""
1270,10-3d-annotations.jpg,11a,Gate,Information,Gate_type,"",""
1271,93-cirq-mocking-2.png,11a,Gate,Information,Gate_type,"",""
1272,99-cirq-qaoa.png,11a,Gate,Information,Gate_type,"",""
1273,132-nature-hothem-3.png,16c,Channel,Text,Fill_color,"",""
1274,119-nature-akpinar-1-3.png,16a,Channel,Object,Fill_color,"",""
1275,53-pennylane-non-clifford.png,16a,Channel,Object,Fill_color,"",""
1276,54-pennylane-non-clifford-2.png,16a,Channel,Object,Fill_color,"",""
1277,62-pennylane-tele-2.png,16a,Channel,Object,Fill_color,"",""
1278,12-3d-qubit-line-hl.jpg,16a,Channel,Object,Fill_color,"",""
1279,61-pennylane-tele.png,16a,Channel,Object,Fill_color,"",""
1280,62-pennylane-tele-2.png,16a,Channel,Object,Fill_pattern,"",""
1281,33-li-benjamin.avif,16a,Channel,Object,Fill_color,"",""
1282,128-nature-mihalikova-3.png,16a,Channel,Object,Fill_color,"",""
1283,184-vanderberg-pea-2.png,16a,Channel,Object,Fill_color,"",""
1284,119-nature-akpinar-1-3.png,16a,Channel,Object,Stroke_color,"",""
1285,70-ftqc-3.png,16a,Channel,Object,Stroke_color,"",""
1286,92-cirq-mocking.png,16a,Channel,Object,Stroke_color,"",""
1287,29-qiskit-long-range.avif,16a,Channel,Object,Fill_color,"",""
1288,34-kandala-connection.avif,16a,Channel,Object,Fill_color,"",""
1289,35-vanderberg-pea.avif,16a,Channel,Object,Fill_color,"",""
1290,45-pennylane-qpe.png,16a,Channel,Object,Fill_color,"",""
1291,49-pennylane-3-qubit-full.png,16a,Channel,Object,Fill_color,"",""
1292,50-pennylane-3q-concept.png,16a,Channel,Object,Fill_color,"",""
1293,55-pennylane-catalyst.svg,16a,Channel,Object,Fill_color,"",""
1294,56-pennylane-catalyst-2.svg,16a,Channel,Object,Fill_color,"",""
1295,57-pennylane-catalyst-3.svg,16a,Channel,Object,Fill_color,"",""
1296,58-pennylane-catalyst-4.svg,16a,Channel,Object,Fill_color,"",""
1297,60-pennylane-catalyst-6.svg,16a,Channel,Object,Fill_color,"",""
1298,63-pennylane-loom.png,16a,Channel,Object,Fill_color,"",""
1299,68-ftqc-1.png,16a,Channel,Object,Fill_color,"",""
1300,120-nature-akpinar-4.png,16a,Channel,Object,Fill_color,"",""
1301,153-nature-hu-1.png,16a,Channel,Object,Fill_color,"",""
1302,159-nature-ahmed-3.png,16a,Channel,Object,Fill_color,"",""
1303,160-nature-shen-2b.png,16a,Channel,Object,Fill_color,"",""
1304,163-nature-long-3a.png,16a,Channel,Object,Fill_color,"",""
1305,177-nature-liao-4b.png,16a,Channel,Object,Fill_color,"",""
1306,179-nature-gupta-1d.png,16a,Channel,Object,Fill_color,"",""
1307,183-nature-xie-2.png,16a,Channel,Object,Fill_color,"",""
1308,09-3d-large.jpg,16a,Channel,Object,Fill_color,"",""
1309,48-pennylane-3-qubit-stabilize.png,16a,Channel,Object,Fill_color,"",""
1310,00-basic-with-hl.jpg,16a,Channel,Object,Fill_color,"",""
1311,02-aggregate-ellipsis.png,16a,Channel,Object,Fill_color,"",""
1312,26-qiskit-bell-pairs.avif,16a,Channel,Object,Fill_color,"",""
1313,27-qiskit-fractional.avif,16a,Channel,Object,Fill_color,"",""
1314,39-pennylane-tensor.png,16a,Channel,Object,Fill_color,"",""
1315,19-qiskit-qaoa.svg,16a,Channel,Object,Fill_color,"",""
1316,40-pennylane-mdr.png,16a,Channel,Object,Fill_color,"",""
1317,154-nature-mourya-4.png,16a,Channel,Object,Fill_color,"",""
1318,51-pennylane-hidden-cut.png,16a,Channel,Object,Fill_color,"",""
1319,52-pennylane-chebyshev.png,16a,Channel,Object,Fill_color,"",""
1320,08-3d-pauli.jpg,16a,Channel,Object,Fill_color,"",""
1321,15-3d-horizontal.jpg,16a,Channel,Object,Fill_color,"",""
1322,01-basic-with-anno.jpg,16a,Channel,Object,Fill_color,"",""
1323,06-large-circuot-boxing.png,16a,Channel,Object,Fill_color,"",""
1324,07-line-wrapped.jpg,16a,Channel,Object,Fill_color,"",""
1325,25-qiskit-grover.avif,16a,Channel,Object,Fill_color,"",""
1326,32-qiskit-short-many-qubits.avif,16a,Channel,Object,Fill_color,"",""
1327,151-nature-bavaresco-2.png,16a,Channel,Object,Fill_color,"",""
1328,164-nature-jager-4a.png,16a,Channel,Object,Fill_color,"",""
1329,150-nature-bavaresco-1.png,16a,Channel,Object,Fill_color,"",""
1330,14-cartoons.png,16a,Channel,Object,Fill_color,"",""
1331,168-nature-pecorari-1a.png,16a,Channel,Object,Shape,"",""
1332,170-pecorari-2c2.png,16a,Channel,Object,Shape,"",""
1333,39-pennylane-tensor.png,16a,Channel,Object,Shape,"",""
1334,45-pennylane-qpe.png,16a,Channel,Object,Shape,"",""
1335,01-basic-with-anno.jpg,16a,Channel,Object,Stroke_dahsed,"",""
1336,70-ftqc-3.png,16a,Channel,Object,Shape,"",""
1337,169-nature-pecorari-2b.png,16b,Channel,Object_shade,Fill_color,"",""
1338,92-cirq-mocking.png,16a,Channel,Object,Fill_color,"",""
1339,11-3d-pictures.png,16a,Channel,Object,Fill_color,"",""
1340,10-3d-annotations.jpg,16a,Channel,Object,Fill_color,"",""
1341,93-cirq-mocking-2.png,16a,Channel,Object,Stroke_color,"",""
1342,99-cirq-qaoa.png,16a,Channel,Object,Fill_color,"",""
1343,29-qiskit-long-range.avif,16a,Channel,Object,Stroke_color,"",""
1344,12-3d-qubit-line-hl.jpg,09a,Qubit,Information,Qubit,"",""
1345,152-nature-kang-3.png,09a,Qubit,Information,Qubit,"",""
1346,116-nature-ruiz-2.png,09a,Qubit,Information,Qubit,"",""
1347,122-nature-zhang-3a.png,09a,Qubit,Information,Qubit_group_or_type,"",""
1348,13-3d-vertical.jpg,09a,Qubit,Information,Qubit_group_or_type,"",""
1349,171-nature-meth-1d.png,09a,Qubit,Information,Qubit_group_or_type,"",""
1350,125-nature-than-6.png,09a,Qubit,Information,Qubit_group_or_type,"",""
1351,115-nature-ruiz-1.png,09a,Qubit,Information,Qubit_group_or_type,"",""
1352,187-cirq-lat-gau-e2.png,09a,Qubit,Information,Qubit_group_or_type,"",""
1353,18-on-machine-a.avif,09a,Qubit,Information,Qubit_group_or_type,"",""
1354,23-qiskit-nishimori.avif,09a,Qubit,Information,Qubit_group_or_type,"",""
1355,30-qiskit-plot-circ-lay.avif,09a,Qubit,Information,Qubit_group_or_type,"",""
1356,115-nature-ruiz-1.png,09a,Qubit,Information,Qubit_group_or_type,"",""
1357,122-nature-zhang-3a.png,09a,Qubit,Information,Qubit_group_or_type,"",""
1358,168-nature-pecorari-1a.png,09a,Qubit,Information,Qubit_group_or_type,"",""
1359,171-nature-meth-1d.png,09a,Qubit,Information,Qubit_group_or_type,"",""
1360,122-nature-zhang-3a.png,09a,Qubit,Information,Qubit_group_or_type,"",""
1361,124-nature-than-1c.png,09a,Qubit,Information,Qubit_group_or_type,"",""
1362,125-nature-than-6.png,09a,Qubit,Information,Qubit_group_or_type,"",""
1363,187-cirq-lat-gau-e2.png,09a,Qubit,Information,Qubit_group_or_type,"",""
1364,12-3d-qubit-line-hl.jpg,15a,Selection,Unit,Moment,"",""
1365,12-3d-qubit-line-hl.jpg,15a,Selection,Unit,Qubit,"",""
1366,12-3d-qubit-line-hl.jpg,15b,Selection,Method,Encoding,"",""
1367,136-nature-google-2b.png,09a,Qubit,Information,State,"",""
1368,66-pennylane-qml-2.png,09a,Qubit,Information,State,"",""
1369,121-nature-gao-3-3.png,09d,State,Representation_characteristic,Swapping,"",""
1370,144-nature-ringbauer-1c.png,09a,Qubit,Information,Qubit_group_or_type,"",""
1371,160-nature-shen-2b.png,09a,Qubit,Information,Qubit_group_or_type,"",""
1372,169-nature-pecorari-2b.png,09a,Qubit,Information,Qubit_group_or_type,"",""
1373,170-pecorari-2c2.png,09a,Qubit,Information,Qubit_group_or_type,"",""
1374,175-nature-kim-1b.png,09a,Qubit,Information,Qubit_group_or_type,"",""
1375,180-nature-lacroix-1ab.png,09a,Qubit,Information,Qubit_group_or_type,"",""
1376,145-nature-ringbauer-1b.png,09a,Qubit,Information,Qubit_group_or_type,"",""
1377,181-nature-lacroix-1cd.png,09a,Qubit,Information,Qubit_group_or_type,"",""
1378,168-nature-pecorari-1a.png,16b,Channel,Object_shade,Fill_color,"",""
1379,170-pecorari-2c2.png,16b,Channel,Object_shade,Fill_color,"",""
1380,133-nature-hillmann-1.png,16a,Channel,Object,Shape,"",""
1381,134-nature-hillmann-2.png,16a,Channel,Object,Shape,"",""
1382,136-nature-google-2b.png,16a,Channel,Object,Shape,"",""
1383,12-3d-qubit-line-hl.jpg,16a,Channel,Object,Stroke_color,"",""
1384,152-nature-kang-3.png,16a,Channel,Object,Stroke_color,"",""
1385,116-nature-ruiz-2.png,16b,Channel,Object_shade,Fill_color,"",""
1386,122-nature-zhang-3a.png,16c,Channel,Text,Fill_color,"",""
1387,13-3d-vertical.jpg,16a,Channel,Object,Fill_color,"",""
1388,171-nature-meth-1d.png,16a,Channel,Object,Fill_color,"",""
1389,125-nature-than-6.png,16a,Channel,Object,Stroke_color,"",""
1390,115-nature-ruiz-1.png,16b,Channel,Object_shade,Fill_color,"",""
1391,187-cirq-lat-gau-e2.png,16b,Channel,Object_shade,Fill_color,"",""
1392,18-on-machine-a.avif,16a,Channel,Object,Fill_color,"",""
1393,23-qiskit-nishimori.avif,16a,Channel,Object,Fill_color,"",""
1394,30-qiskit-plot-circ-lay.avif,16a,Channel,Object,Fill_color,"",""
1395,115-nature-ruiz-1.png,16a,Channel,Object,Fill_color,"",""
1396,122-nature-zhang-3a.png,16a,Channel,Object,Fill_color,"",""
1397,168-nature-pecorari-1a.png,16a,Channel,Object,Fill_color,"",""
1398,171-nature-meth-1d.png,16a,Channel,Object,Fill_color,"",""
1399,122-nature-zhang-3a.png,16b,Channel,Object_shade,Stroke_color,"",""
1400,124-nature-than-1c.png,16a,Channel,Object,Stroke_color,"",""
1401,125-nature-than-6.png,16a,Channel,Object,Stroke_color,"",""
1402,187-cirq-lat-gau-e2.png,16a,Channel,Object,Shape,"",""
1403,136-nature-google-2b.png,16a,Channel,Object,Fill_color,"",""
1404,66-pennylane-qml-2.png,16a,Channel,Object,Fill_color,"",""
1405,121-nature-gao-3-3.png,16c,Channel,Text,Text,"",""
1406,144-nature-ringbauer-1c.png,16a,Channel,Object,Fill_color,"",""
1407,160-nature-shen-2b.png,16a,Channel,Object,Fill_color,"",""
1408,169-nature-pecorari-2b.png,16a,Channel,Object,Fill_color,"",""
1409,170-pecorari-2c2.png,16a,Channel,Object,Fill_color,"",""
1410,175-nature-kim-1b.png,16a,Channel,Object,Fill_color,"",""
1411,180-nature-lacroix-1ab.png,16a,Channel,Object,Fill_color,"",""
1412,145-nature-ringbauer-1b.png,16a,Channel,Object,Fill_color,"",""
1413,181-nature-lacroix-1cd.png,16a,Channel,Object,Fill_color,"",""
1414,168-nature-pecorari-1a.png,16a,Channel,Object,Fill_color,"",""
1415,170-pecorari-2c2.png,16a,Channel,Object,Fill_color,"",""
1416,133-nature-hillmann-1.png,16a,Channel,Object,Shape,"",""
1417,134-nature-hillmann-2.png,16a,Channel,Object,Shape,"",""
1418,136-nature-google-2b.png,16a,Channel,Object,Shape,"",""
1419,181-nature-lacroix-1cd.png,10a,Qubit_connectivity,Information,Partition,"",""
1420,104-pennylane-toric.png,10a,Qubit_connectivity,Information,Partition,"",""
1421,118-nature-yan-4b.png,10a,Qubit_connectivity,Information,Partition,"",""
1422,175-nature-kim-1b.png,10a,Qubit_connectivity,Information,Partition,"",""
1423,180-nature-lacroix-1ab.png,10a,Qubit_connectivity,Information,Partition,"",""
1424,181-nature-lacroix-1cd.png,10a,Qubit_connectivity,Information,Partition,"",""
1425,181-nature-lacroix-1cd.png,10b,Qubit_connectivity,Representation,Grid_cell,"",""
1426,104-pennylane-toric.png,10b,Qubit_connectivity,Representation,Grid_cell,"",""
1427,118-nature-yan-4b.png,10b,Qubit_connectivity,Representation,Grid_cell,"",""
1428,175-nature-kim-1b.png,10b,Qubit_connectivity,Representation,Grid_cell,"",""
1429,180-nature-lacroix-1ab.png,10b,Qubit_connectivity,Representation,Grid_cell,"",""
1430,181-nature-lacroix-1cd.png,10b,Qubit_connectivity,Representation,Grid_cell,"",""
1431,181-nature-lacroix-1cd.png,10a,Qubit_connectivity,Information,N-Qubit,"",""
1432,104-pennylane-toric.png,10a,Qubit_connectivity,Information,N-Qubit,"",""
1433,118-nature-yan-4b.png,10a,Qubit_connectivity,Information,N-Qubit,"",""
1434,175-nature-kim-1b.png,10a,Qubit_connectivity,Information,N-Qubit,"",""
1435,180-nature-lacroix-1ab.png,10a,Qubit_connectivity,Information,N-Qubit,"",""
1436,181-nature-lacroix-1cd.png,10a,Qubit_connectivity,Information,N-Qubit,"",""
1437,181-nature-lacroix-1cd.png,15a,Selection,Unit,N_qubit_connectivity,"",""
1438,104-pennylane-toric.png,15a,Selection,Unit,N_qubit_connectivity,"",""
1439,118-nature-yan-4b.png,15a,Selection,Unit,N_qubit_connectivity,"",""
1440,175-nature-kim-1b.png,15a,Selection,Unit,N_qubit_connectivity,"",""
1441,180-nature-lacroix-1ab.png,15a,Selection,Unit,N_qubit_connectivity,"",""
1442,181-nature-lacroix-1cd.png,15a,Selection,Unit,N_qubit_connectivity,"",""
1443,181-nature-lacroix-1cd.png,15b,Selection,Method,Encoding,"",""
1444,104-pennylane-toric.png,15b,Selection,Method,Encoding,"",""
1445,118-nature-yan-4b.png,15b,Selection,Method,Encoding,"",""
1446,175-nature-kim-1b.png,15b,Selection,Method,Encoding,"",""
1447,180-nature-lacroix-1ab.png,15b,Selection,Method,Encoding,"",""
1448,181-nature-lacroix-1cd.png,15b,Selection,Method,Encoding,"",""
1449,104-pennylane-toric.png,16a,Channel,Object,Fill_color,"",""
1450,118-nature-yan-4b.png,16a,Channel,Object,Fill_color,"",""
1451,175-nature-kim-1b.png,16a,Channel,Object,Fill_color,"",""
1452,180-nature-lacroix-1ab.png,16a,Channel,Object,Fill_color,"",""
1453,181-nature-lacroix-1cd.png,16a,Channel,Object,Fill_color,"",""
1454,181-nature-lacroix-1cd.png,16a,Channel,Object,Stroke_width,"",""
1455,186-cirq-fh.png,09a,Qubit,Information,Spin,"",""
1456,28-qiskit-ghz-star-toplogy.avif,09a,Qubit,Information,State,"",""
1457,100-cirq-qaoa-mach.png,10c,Qubit_connectivity,Representation_characteristic,With_weight,"",""
1458,186-cirq-fh.png,16c,Channel,Text,Text,"",""
1459,28-qiskit-ghz-star-toplogy.avif,16c,Channel,Text,Text,"",""
1460,100-cirq-qaoa-mach.png,16c,Channel,Text,Text,"",""
1461,16-heatmap.jpg,19a,Management,Data_transform,Filter,"",""
1462,93-cirq-mocking-2.png,19a,Management,Data_transform,Filter,"",""
1463,107-cirq-lat-gau-3.png,19a,Management,Data_transform,Filter,"",""
1464,105-cirq-lat-gau-1.png,19a,Management,Data_transform,Filter,"",""
1465,106-cirq-lat-gau-2.png,19a,Management,Data_transform,Filter,"",""
1466,47-pennylane-three-qubit.png,09d,State,Representation_characteristic,At_final,"",""
1467,55-pennylane-catalyst.svg,09d,State,Representation_characteristic,At_final,"",""
1468,57-pennylane-catalyst-3.svg,09d,State,Representation_characteristic,At_final,"",""
1469,59-pennylane-catalyst-5.svg,09d,State,Representation_characteristic,At_final,"",""
1470,60-pennylane-catalyst-6.svg,09d,State,Representation_characteristic,At_final,"",""
1471,61-pennylane-tele.png,09d,State,Representation_characteristic,At_final,"",""
1472,62-pennylane-tele-2.png,09d,State,Representation_characteristic,At_final,"",""
1473,120-nature-akpinar-4.png,09d,State,Representation_characteristic,At_final,"",""
1474,130-nature-hoch-1b.png,09d,State,Representation_characteristic,At_final,"",""
1475,152-nature-kang-3.png,09d,State,Representation_characteristic,At_final,"",""
1476,156-nature-zhang-4.png,09d,State,Representation_characteristic,At_final,"",""
1477,157-nature-zhang-2.png,09d,State,Representation_characteristic,At_final,"",""
1478,165-nature-xing-6.png,09d,State,Representation_characteristic,At_final,"",""
1479,174-nature-soltaninia-2a.png,09d,State,Representation_characteristic,At_final,"",""
1480,147-nature-feng-1.png,09d,State,Representation_characteristic,At_final,"",""
1481,168-nature-pecorari-1a.png,09d,State,Representation_characteristic,At_final,"",""
1482,14-cartoons.png,09d,State,Representation_characteristic,At_final,"",""
1483,56-pennylane-catalyst-2.svg,09d,State,Representation_characteristic,At_final,"",""
1484,59-pennylane-catalyst-5.svg,09d,State,Representation_characteristic,At_final,"",""
1485,59-pennylane-catalyst-5.svg,09d,State,Representation_characteristic,At_final,"",""
1486,17-cartoons-2.png,09d,State,Representation_characteristic,At_final,"",""
1487,63-pennylane-loom.png,09d,State,Representation_characteristic,At_final,"",""
1488,95-cirq-tele-2.png,09d,State,Representation_characteristic,At_final,"",""
1489,124-nature-than-1c.png,09d,State,Representation_characteristic,At_final,"",""
1490,132-nature-hothem-3.png,09d,State,Representation_characteristic,At_final,"",""
1491,141-nature-rajput-4.png,09d,State,Representation_characteristic,At_final,"",""
1492,148-nautre-werner-1.png,09d,State,Representation_characteristic,At_final,"",""
1493,60-pennylane-catalyst-6.svg,09d,State,Representation_characteristic,At_final,"",""
1494,162-nature-dong-1.png,09d,State,Representation_characteristic,At_final,"",""
1495,165-nature-xing-6.png,09d,State,Representation_characteristic,At_final,"",""
1496,187-cirq-lat-gau-e2.png,09d,State,Representation_characteristic,At_final,"",""
1497,05-vertical.png,09d,State,Representation_characteristic,At_final,"",""
1498,09-3d-large.jpg,09d,State,Representation_characteristic,At_final,"",""
1499,29-qiskit-long-range.avif,09d,State,Representation_characteristic,At_final,"",""
1500,48-pennylane-3-qubit-stabilize.png,09d,State,Representation_characteristic,At_final,"",""
1501,49-pennylane-3-qubit-full.png,09d,State,Representation_characteristic,At_final,"",""
1502,69-ftqc-2.png,09d,State,Representation_characteristic,At_final,"",""
1503,70-ftqc-3.png,09d,State,Representation_characteristic,At_final,"",""
1504,80-cirq-with-noise.png,09d,State,Representation_characteristic,At_final,"",""
1505,84-cirq-transformer-custom.png,09d,State,Representation_characteristic,At_final,"",""
1506,98-cirq-linear.png,09d,State,Representation_characteristic,At_final,"",""
1507,118-nature-yan-4b.png,09d,State,Representation_characteristic,At_final,"",""
1508,125-nature-than-6.png,09d,State,Representation_characteristic,At_final,"",""
1509,129-nature-mihalikova-5.png,09d,State,Representation_characteristic,At_final,"",""
1510,131-nature-hothem-1a.png,09d,State,Representation_characteristic,At_final,"",""
1511,136-nature-google-2b.png,09d,State,Representation_characteristic,At_final,"",""
1512,175-nature-kim-1b.png,09d,State,Representation_characteristic,At_final,"",""
1513,00-basic-with-hl.jpg,09d,State,Representation_characteristic,At_final,"",""
1514,02-aggregate-ellipsis.png,09d,State,Representation_characteristic,At_final,"",""
1515,11-3d-pictures.png,09d,State,Representation_characteristic,At_final,"",""
1516,24-qiskit-shors.svg,09d,State,Representation_characteristic,At_final,"",""
1517,76-simple-with-vector.png,09d,State,Representation_characteristic,At_final,"",""
1518,87-cirq-routing.png,09d,State,Representation_characteristic,At_final,"",""
1519,94-cirq-tele.png,09d,State,Representation_characteristic,At_final,"",""
1520,137-nature-cai-2c.png,09d,State,Representation_characteristic,At_final,"",""
1521,161-nature-ghisoni-1.png,09d,State,Representation_characteristic,At_final,"",""
1522,177-nature-liao-4b.png,09d,State,Representation_characteristic,At_final,"",""
1523,179-nature-gupta-1d.png,09d,State,Representation_characteristic,At_final,"",""
1524,04-sectioning-anno.png,09d,State,Representation_characteristic,At_final,"",""
1525,26-qiskit-bell-pairs.avif,09d,State,Representation_characteristic,At_final,"",""
1526,27-qiskit-fractional.avif,09d,State,Representation_characteristic,At_final,"",""
1527,75-cirq-repeat.png,09d,State,Representation_characteristic,At_final,"",""
1528,92-cirq-mocking.png,09d,State,Representation_characteristic,At_final,"",""
1529,134-nature-hillmann-2.png,09d,State,Representation_characteristic,At_final,"",""
1530,135-nature-google-2a.png,09d,State,Representation_characteristic,At_final,"",""
1531,13-3d-vertical.jpg,09d,State,Representation_characteristic,At_final,"",""
1532,33-li-benjamin.avif,09d,State,Representation_characteristic,At_final,"",""
1533,46-pennylane-select-swap.jpeg,09d,State,Representation_characteristic,At_final,"",""
1534,133-nature-hillmann-1.png,09d,State,Representation_characteristic,At_final,"",""
1535,173-nature-brock-2b.png,09d,State,Representation_characteristic,At_final,"",""
1536,12-3d-qubit-line-hl.jpg,09d,State,Representation_characteristic,At_final,"",""
1537,39-pennylane-tensor.png,09d,State,Representation_characteristic,At_final,"",""
1538,88-cirq-routing-compare.png,09d,State,Representation_characteristic,At_final,"",""
1539,97-cirq-vqe.png,09d,State,Representation_characteristic,At_final,"",""
1540,104-pennylane-toric.png,09d,State,Representation_characteristic,At_final,"",""
1541,107-cirq-lat-gau-3.png,09d,State,Representation_characteristic,At_final,"",""
1542,166-nature-verma-3.png,09d,State,Representation_characteristic,At_final,"",""
1543,54-pennylane-non-clifford-2.png,09d,State,Representation_characteristic,At_final,"",""
1544,82-cirq-stabilizer.png,09d,State,Representation_characteristic,At_final,"",""
1545,110-nature-main-2a.png,09d,State,Representation_characteristic,At_final,"",""
1546,112-nature-ruiz-1.png,09d,State,Representation_characteristic,At_final,"",""
1547,119-nature-akpinar-1-3.png,09d,State,Representation_characteristic,At_final,"",""
1548,145-nature-ringbauer-1b.png,09d,State,Representation_characteristic,At_final,"",""
1549,171-nature-meth-1d.png,09d,State,Representation_characteristic,At_final,"",""
1550,19-qiskit-qaoa.svg,09d,State,Representation_characteristic,At_final,"",""
1551,22-qiskit-hadamard-test.avif,09d,State,Representation_characteristic,At_final,"",""
1552,28-qiskit-ghz-star-toplogy.avif,09d,State,Representation_characteristic,At_final,"",""
1553,31-qiskit-cut-unfriendly.avif,09d,State,Representation_characteristic,At_final,"",""
1554,40-pennylane-mdr.png,09d,State,Representation_characteristic,At_final,"",""
1555,53-pennylane-non-clifford.png,09d,State,Representation_characteristic,At_final,"",""
1556,64-pennylane-bp.png,09d,State,Representation_characteristic,At_final,"",""
1557,71-cirq-hello.png,09d,State,Representation_characteristic,At_final,"",""
1558,78-cirq-with-unitary.png,09d,State,Representation_characteristic,At_final,"",""
1559,93-cirq-mocking-2.png,09d,State,Representation_characteristic,At_final,"",""
1560,121-nature-gao-3-3.png,09d,State,Representation_characteristic,At_final,"",""
1561,140-nature-wing-bocanegra-8.png,09d,State,Representation_characteristic,At_final,"",""
1562,154-nature-mourya-4.png,09d,State,Representation_characteristic,At_final,"",""
1563,155-nature-du-6.png,09d,State,Representation_characteristic,At_final,"",""
1564,159-nature-ahmed-3.png,09d,State,Representation_characteristic,At_final,"",""
1565,172-nature-kim-3.png,09d,State,Representation_characteristic,At_final,"",""
1566,178-nature-li-1c.png,09d,State,Representation_characteristic,At_final,"",""
1567,35-vanderberg-pea.avif,09d,State,Representation_characteristic,At_final,"",""
1568,38-qiskit-mpl-view-comb.avif,09d,State,Representation_characteristic,At_final,"",""
1569,51-pennylane-hidden-cut.png,09d,State,Representation_characteristic,At_final,"",""
1570,52-pennylane-chebyshev.png,09d,State,Representation_characteristic,At_final,"",""
1571,74-cirq-qft.png,09d,State,Representation_characteristic,At_final,"",""
1572,144-nature-ringbauer-1c.png,09d,State,Representation_characteristic,At_final,"",""
1573,146-nature-ringbauer-6.png,09d,State,Representation_characteristic,At_final,"",""
1574,149-nature-turkeshi-1.png,09d,State,Representation_characteristic,At_final,"",""
1575,153-nature-hu-1.png,09d,State,Representation_characteristic,At_final,"",""
1576,20-qiskit-pauli-corr.avif,09d,State,Representation_characteristic,At_final,"",""
1577,34-kandala-connection.avif,09d,State,Representation_characteristic,At_final,"",""
1578,41-pennylane-mps-ani.gif,09d,State,Representation_characteristic,At_final,"",""
1579,67-pennylane-qml-3.png,09d,State,Representation_characteristic,At_final,"",""
1580,116-nature-ruiz-2.png,09d,State,Representation_characteristic,At_final,"",""
1581,126-nature-butt-3a.png,09d,State,Representation_characteristic,At_final,"",""
1582,183-nature-xie-2.png,09d,State,Representation_characteristic,At_final,"",""
1583,16-heatmap.jpg,09d,State,Representation_characteristic,At_final,"",""
1584,18-on-machine-a.avif,09d,State,Representation_characteristic,At_final,"",""
1585,37-syndrome.avif,09d,State,Representation_characteristic,At_final,"",""
1586,83-ciq-transformer.png,09d,State,Representation_characteristic,At_final,"",""
1587,85-cirq-ignore.png,09d,State,Representation_characteristic,At_final,"",""
1588,96-cirq-shors.png,09d,State,Representation_characteristic,At_final,"",""
1589,99-cirq-qaoa.png,09d,State,Representation_characteristic,At_final,"",""
1590,105-cirq-lat-gau-1.png,09d,State,Representation_characteristic,At_final,"",""
1591,106-cirq-lat-gau-2.png,09d,State,Representation_characteristic,At_final,"",""
1592,167-nature-verma-4.png,09d,State,Representation_characteristic,At_final,"",""
1593,08-3d-pauli.jpg,09d,State,Representation_characteristic,At_final,"",""
1594,15-3d-horizontal.jpg,09d,State,Representation_characteristic,At_final,"",""
1595,86-cirq-in-and-in.png,09d,State,Representation_characteristic,At_final,"",""
1596,100-cirq-qaoa-mach.png,09d,State,Representation_characteristic,At_final,"",""
1597,103-cirq-toric-prog.png,09d,State,Representation_characteristic,At_final,"",""
1598,176-nature-kim-5.png,09d,State,Representation_characteristic,At_final,"",""
1599,01-basic-with-anno.jpg,09d,State,Representation_characteristic,At_final,"",""
1600,06-large-circuot-boxing.png,09d,State,Representation_characteristic,At_final,"",""
1601,07-line-wrapped.jpg,09d,State,Representation_characteristic,At_final,"",""
1602,21-qiskit-qaoa-step1.avif,09d,State,Representation_characteristic,At_final,"",""
1603,25-qiskit-grover.avif,09d,State,Representation_characteristic,At_final,"",""
1604,43-qiskit-ising.avif,09d,State,Representation_characteristic,At_final,"",""
1605,32-qiskit-short-many-qubits.avif,09d,State,Representation_characteristic,At_final,"",""
1606,36-qiskit-bad.avif,09d,State,Representation_characteristic,At_final,"",""
1607,50-pennylane-3q-concept.png,09d,State,Representation_characteristic,At_final,"",""
1608,68-ftqc-1.png,09d,State,Representation_characteristic,At_final,"",""
1609,81-cirq-grid.png,09d,State,Representation_characteristic,At_final,"",""
1610,101-cirq-chess.png,09d,State,Representation_characteristic,At_final,"",""
1611,102-cirq-toric.png,09d,State,Representation_characteristic,At_final,"",""
1612,113-nature-ruiz-2.png,09d,State,Representation_characteristic,At_final,"",""
1613,114-nature-ruiz-3.png,09d,State,Representation_characteristic,At_final,"",""
1614,151-nature-bavaresco-2.png,09d,State,Representation_characteristic,At_final,"",""
1615,164-nature-jager-4a.png,09d,State,Representation_characteristic,At_final,"",""
1616,44-pennylane-stats.png,09d,State,Representation_characteristic,At_final,"",""
1617,45-pennylane-qpe.png,09d,State,Representation_characteristic,At_final,"",""
1618,72-cirq-3qubit.png,09d,State,Representation_characteristic,At_final,"",""
1619,89-cirq-machine-1.png,09d,State,Representation_characteristic,At_final,"",""
1620,108-cirq-lat-gau-4.png,09d,State,Representation_characteristic,At_final,"",""
1621,127-nature-zhu-1.png,09d,State,Representation_characteristic,At_final,"",""
1622,160-nature-shen-2b.png,09d,State,Representation_characteristic,At_final,"",""
1623,170-pecorari-2c2.png,09d,State,Representation_characteristic,At_final,"",""
1624,65-pennylane-qml.png,09d,State,Representation_characteristic,At_final,"",""
1625,91-cirq-pascal.png,09d,State,Representation_characteristic,At_final,"",""
1626,115-nature-ruiz-1.png,09d,State,Representation_characteristic,At_final,"",""
1627,117-nature-yan-2b.png,09d,State,Representation_characteristic,At_final,Others,""
1628,122-nature-zhang-3a.png,09d,State,Representation_characteristic,At_final,"",""
1629,150-nature-bavaresco-1.png,09d,State,Representation_characteristic,At_final,"",""
1630,158-nature-ahmed-2b.png,09d,State,Representation_characteristic,At_final,"",""
1631,181-nature-lacroix-1cd.png,09d,State,Representation_characteristic,At_final,"",""
1632,10-3d-annotations.jpg,09d,State,Representation_characteristic,At_final,"",""
1633,66-pennylane-qml-2.png,09d,State,Representation_characteristic,At_final,"",""
1634,73-cirq-append.png,09d,State,Representation_characteristic,At_final,"",""
1635,77-cirq-measure-names.png,09d,State,Representation_characteristic,At_final,"",""
1636,109-nature-main-1c.png,09d,State,Representation_characteristic,At_final,"",""
1637,111-nature-main-3a.png,09d,State,Representation_characteristic,At_final,"",""
1638,23-qiskit-nishimori.avif,09d,State,Representation_characteristic,At_final,"",""
1639,30-qiskit-plot-circ-lay.avif,09d,State,Representation_characteristic,At_final,"",""
1640,58-pennylane-catalyst-4.svg,09d,State,Representation_characteristic,At_final,"",""
1641,79-cirq-with-density.png,09d,State,Representation_characteristic,At_final,"",""
1642,90-cirq-machine-2.png,09d,State,Representation_characteristic,At_final,"",""
1643,123-nature-zhang-3b.png,09d,State,Representation_characteristic,At_final,"",""
1644,128-nature-mihalikova-3.png,09d,State,Representation_characteristic,At_final,"",""
1645,138-nature-aljaedi-5.png,09d,State,Representation_characteristic,At_final,"",""
1646,139-nature-wing-bocanegra-5.png,09d,State,Representation_characteristic,At_final,"",""
1647,163-nature-long-3a.png,09d,State,Representation_characteristic,At_final,"",""
1648,169-nature-pecorari-2b.png,09d,State,Representation_characteristic,At_final,"",""
1649,180-nature-lacroix-1ab.png,09d,State,Representation_characteristic,At_final,"",""
1650,182-nature-lacroix-3d.png,09d,State,Representation_characteristic,At_final,"",""
1651,186-cirq-fh.png,09d,State,Representation_characteristic,At_final,"",""
1652,184-vanderberg-pea-2.png,09d,State,Representation_characteristic,At_final,"",""
1653,157-nature-zhang-2.png,09d,State,Representation_characteristic,Selective,"",""
1654,174-nature-soltaninia-2a.png,09d,State,Representation_characteristic,Selective,"",""
1655,14-cartoons.png,09d,State,Representation_characteristic,Selective,"",""
1656,62-pennylane-tele-2.png,09d,State,Representation_characteristic,Selective,"",""
1657,61-pennylane-tele.png,09d,State,Representation_characteristic,Selective,"",""
1658,16-heatmap.jpg,03a,Layout_and_Format,Layout,Traditional,"",""
1659,16-heatmap.jpg,03b,Layout_and_Format,Format,Heatmap,"",""
1660,167-nature-verma-4.png,03a,Layout_and_Format,Layout,Node_edge,"",""
1661,167-nature-verma-4.png,03b,Layout_and_Format,Format,Circuit,"",""
1662,166-nature-verma-3.png,03a,Layout_and_Format,Layout,Node_edge,"",""
1663,167-nature-verma-4.png,03a,Layout_and_Format,Layout,Node_edge,"",""
1664,166-nature-verma-3.png,03b,Layout_and_Format,Format,Circuit,"",""
1665,167-nature-verma-4.png,03b,Layout_and_Format,Format,Circuit,"",""
1666,18-on-machine-a.avif,03a,Layout_and_Format,Layout,On_machine,"",""
1667,23-qiskit-nishimori.avif,03a,Layout_and_Format,Layout,On_machine,"",""
1668,30-qiskit-plot-circ-lay.avif,03a,Layout_and_Format,Layout,On_machine,"",""
1669,69-ftqc-2.png,03a,Layout_and_Format,Layout,On_machine,"",""
1670,70-ftqc-3.png,03a,Layout_and_Format,Layout,On_machine,"",""
1671,81-cirq-grid.png,03a,Layout_and_Format,Layout,On_machine,"",""
1672,89-cirq-machine-1.png,03a,Layout_and_Format,Layout,On_machine,"",""
1673,92-cirq-mocking.png,03a,Layout_and_Format,Layout,On_machine,"",""
1674,100-cirq-qaoa-mach.png,03a,Layout_and_Format,Layout,On_machine,"",""
1675,104-pennylane-toric.png,03a,Layout_and_Format,Layout,On_machine,"",""
1676,108-cirq-lat-gau-4.png,03a,Layout_and_Format,Layout,On_machine,"",""
1677,115-nature-ruiz-1.png,03a,Layout_and_Format,Layout,On_machine,"",""
1678,145-nature-ringbauer-1b.png,03a,Layout_and_Format,Layout,On_machine,"",""
1679,169-nature-pecorari-2b.png,03a,Layout_and_Format,Layout,On_machine,"",""
1680,170-pecorari-2c2.png,03a,Layout_and_Format,Layout,On_machine,"",""
1681,09-3d-large.jpg,03a,Layout_and_Format,Layout,On_machine,"",""
1682,13-3d-vertical.jpg,03a,Layout_and_Format,Layout,On_machine,"",""
1683,10-3d-annotations.jpg,03a,Layout_and_Format,Layout,On_machine,"",""
1684,186-cirq-fh.png,03a,Layout_and_Format,Layout,On_machine,"",""
1685,18-on-machine-a.avif,03b,Layout_and_Format,Format,Circuit,"",""
1686,23-qiskit-nishimori.avif,03b,Layout_and_Format,Format,Circuit,"",""
1687,30-qiskit-plot-circ-lay.avif,03b,Layout_and_Format,Format,Circuit,"",""
1688,69-ftqc-2.png,03b,Layout_and_Format,Format,Circuit,"",""
1689,70-ftqc-3.png,03b,Layout_and_Format,Format,Circuit,"",""
1690,81-cirq-grid.png,03b,Layout_and_Format,Format,Circuit,"",""
1691,89-cirq-machine-1.png,03b,Layout_and_Format,Format,Heatmap,"",""
1692,92-cirq-mocking.png,03b,Layout_and_Format,Format,Circuit,"",""
1693,100-cirq-qaoa-mach.png,03b,Layout_and_Format,Format,Circuit,"",""
1694,104-pennylane-toric.png,03b,Layout_and_Format,Format,Circuit,"",""
1695,108-cirq-lat-gau-4.png,03b,Layout_and_Format,Format,Heatmap,"",""
1696,115-nature-ruiz-1.png,03b,Layout_and_Format,Format,Circuit,"",""
1697,145-nature-ringbauer-1b.png,03b,Layout_and_Format,Format,Circuit,"",""
1698,169-nature-pecorari-2b.png,03b,Layout_and_Format,Format,Circuit,"",""
1699,170-pecorari-2c2.png,03b,Layout_and_Format,Format,Circuit,"",""
1700,09-3d-large.jpg,03b,Layout_and_Format,Format,Circuit,"",""
1701,13-3d-vertical.jpg,03b,Layout_and_Format,Format,Circuit,"",""
1702,10-3d-annotations.jpg,03b,Layout_and_Format,Format,Circuit,"",""
1703,186-cirq-fh.png,03b,Layout_and_Format,Format,Circuit,"",""
1704,89-cirq-machine-1.png,03a,Layout_and_Format,Layout,On_machine,"",""
1705,90-cirq-machine-2.png,03a,Layout_and_Format,Layout,On_machine,"",""
1706,105-cirq-lat-gau-1.png,03a,Layout_and_Format,Layout,On_machine,"",""
1707,106-cirq-lat-gau-2.png,03a,Layout_and_Format,Layout,On_machine,"",""
1708,107-cirq-lat-gau-3.png,03a,Layout_and_Format,Layout,On_machine,"",""
1709,136-nature-google-2b.png,03a,Layout_and_Format,Layout,On_machine,"",""
1710,187-cirq-lat-gau-e2.png,03a,Layout_and_Format,Layout,On_machine,"",""
1711,89-cirq-machine-1.png,03b,Layout_and_Format,Format,Heatmap,"",""
1712,90-cirq-machine-2.png,03b,Layout_and_Format,Format,Heatmap,"",""
1713,105-cirq-lat-gau-1.png,03b,Layout_and_Format,Format,Heatmap,"",""
1714,106-cirq-lat-gau-2.png,03b,Layout_and_Format,Format,Heatmap,"",""
1715,107-cirq-lat-gau-3.png,03b,Layout_and_Format,Format,Heatmap,"",""
1716,136-nature-google-2b.png,03b,Layout_and_Format,Format,Heatmap,"",""
1717,187-cirq-lat-gau-e2.png,03b,Layout_and_Format,Format,Heatmap,"",""
1718,66-pennylane-qml-2.png,03a,Layout_and_Format,Layout,On_machine,"",""
1719,93-cirq-mocking-2.png,03a,Layout_and_Format,Layout,On_machine,"",""
1720,102-cirq-toric.png,03a,Layout_and_Format,Layout,On_machine,"",""
1721,103-cirq-toric-prog.png,03a,Layout_and_Format,Layout,On_machine,"",""
1722,122-nature-zhang-3a.png,03a,Layout_and_Format,Layout,On_machine,"",""
1723,133-nature-hillmann-1.png,03a,Layout_and_Format,Layout,On_machine,"",""
1724,134-nature-hillmann-2.png,03a,Layout_and_Format,Layout,On_machine,"",""
1725,144-nature-ringbauer-1c.png,03a,Layout_and_Format,Layout,On_machine,"",""
1726,168-nature-pecorari-1a.png,03a,Layout_and_Format,Layout,On_machine,"",""
1727,175-nature-kim-1b.png,03a,Layout_and_Format,Layout,On_machine,"",""
1728,180-nature-lacroix-1ab.png,03a,Layout_and_Format,Layout,On_machine,"",""
1729,181-nature-lacroix-1cd.png,03a,Layout_and_Format,Layout,On_machine,"",""
1730,182-nature-lacroix-3d.png,03a,Layout_and_Format,Layout,On_machine,"",""
1731,11-3d-pictures.png,03a,Layout_and_Format,Layout,On_machine,"",""
1732,08-3d-pauli.jpg,03a,Layout_and_Format,Layout,On_machine,"",""
1733,66-pennylane-qml-2.png,03b,Layout_and_Format,Format,Circuit,"",""
1734,93-cirq-mocking-2.png,03b,Layout_and_Format,Format,Heatmap,"",""
1735,102-cirq-toric.png,03b,Layout_and_Format,Format,Circuit,"",""
1736,103-cirq-toric-prog.png,03b,Layout_and_Format,Format,Circuit,"",""
1737,122-nature-zhang-3a.png,03b,Layout_and_Format,Format,Circuit,"",""
1738,133-nature-hillmann-1.png,03b,Layout_and_Format,Format,Circuit,"",""
1739,134-nature-hillmann-2.png,03b,Layout_and_Format,Format,Circuit,"",""
1740,144-nature-ringbauer-1c.png,03b,Layout_and_Format,Format,Circuit,"",""
1741,168-nature-pecorari-1a.png,03b,Layout_and_Format,Format,Circuit,"",""
1742,175-nature-kim-1b.png,03b,Layout_and_Format,Format,Circuit,"",""
1743,180-nature-lacroix-1ab.png,03b,Layout_and_Format,Format,Circuit,"",""
1744,181-nature-lacroix-1cd.png,03b,Layout_and_Format,Format,Circuit,"",""
1745,182-nature-lacroix-3d.png,03b,Layout_and_Format,Format,Circuit,"",""
1746,11-3d-pictures.png,03b,Layout_and_Format,Format,Circuit,"",""
1747,08-3d-pauli.jpg,03b,Layout_and_Format,Format,Circuit,"",""
1749,71-cirq-hello.png,03c,Layout_and_Format,Mode,Text,"",""
1750,72-cirq-3qubit.png,03c,Layout_and_Format,Mode,Text,"",""
1751,74-cirq-qft.png,03c,Layout_and_Format,Mode,Text,"",""
1752,76-simple-with-vector.png,03c,Layout_and_Format,Mode,Text,"",""
1753,78-cirq-with-unitary.png,03c,Layout_and_Format,Mode,Text,"",""
1754,77-cirq-measure-names.png,03c,Layout_and_Format,Mode,Text,"",""
1755,79-cirq-with-density.png,03c,Layout_and_Format,Mode,Text,"",""
1756,80-cirq-with-noise.png,03c,Layout_and_Format,Mode,Text,"",""
1757,81-cirq-grid.png,03c,Layout_and_Format,Mode,Text,"",""
1758,82-cirq-stabilizer.png,03c,Layout_and_Format,Mode,Text,"",""
1759,83-ciq-transformer.png,03c,Layout_and_Format,Mode,Text,"",""
1760,84-cirq-transformer-custom.png,03c,Layout_and_Format,Mode,Text,"",""
1761,85-cirq-ignore.png,03c,Layout_and_Format,Mode,Text,"",""
1762,86-cirq-in-and-in.png,03c,Layout_and_Format,Mode,Text,"",""
1763,87-cirq-routing.png,03c,Layout_and_Format,Mode,Text,"",""
1764,88-cirq-routing-compare.png,03c,Layout_and_Format,Mode,Text,"",""
1765,94-cirq-tele.png,03c,Layout_and_Format,Mode,Text,"",""
1766,96-cirq-shors.png,03c,Layout_and_Format,Mode,Text,"",""
1767,97-cirq-vqe.png,03c,Layout_and_Format,Mode,Text,"",""
1768,98-cirq-linear.png,03c,Layout_and_Format,Mode,Text,"",""
1769,101-cirq-chess.png,03c,Layout_and_Format,Mode,Text,"",""
1770,103-cirq-toric-prog.png,03c,Layout_and_Format,Mode,Text,"",""
1771,75-cirq-repeat.png,03c,Layout_and_Format,Mode,Text,"",""
1772,186-cirq-fh.png,03c,Layout_and_Format,Mode,Text,"",""
1773,05-vertical.png,03a,Layout_and_Format,Layout,Traditional,"",""
1774,29-qiskit-long-range.avif,03a,Layout_and_Format,Layout,Traditional,"",""
1775,48-pennylane-3-qubit-stabilize.png,03a,Layout_and_Format,Layout,Traditional,"",""
1776,49-pennylane-3-qubit-full.png,03a,Layout_and_Format,Layout,Traditional,"",""
1777,118-nature-yan-4b.png,03a,Layout_and_Format,Layout,Traditional,"",""
1778,125-nature-than-6.png,03a,Layout_and_Format,Layout,Traditional,"",""
1779,129-nature-mihalikova-5.png,03a,Layout_and_Format,Layout,Traditional,"",""
1780,131-nature-hothem-1a.png,03a,Layout_and_Format,Layout,Traditional,"",""
1781,00-basic-with-hl.jpg,03a,Layout_and_Format,Layout,Traditional,"",""
1782,02-aggregate-ellipsis.png,03a,Layout_and_Format,Layout,Traditional,"",""
1783,24-qiskit-shors.svg,03a,Layout_and_Format,Layout,Traditional,"",""
1784,55-pennylane-catalyst.svg,03a,Layout_and_Format,Layout,Traditional,"",""
1785,137-nature-cai-2c.png,03a,Layout_and_Format,Layout,Traditional,"",""
1786,161-nature-ghisoni-1.png,03a,Layout_and_Format,Layout,Traditional,"",""
1787,177-nature-liao-4b.png,03a,Layout_and_Format,Layout,Traditional,"",""
1788,179-nature-gupta-1d.png,03a,Layout_and_Format,Layout,Traditional,"",""
1789,04-sectioning-anno.png,03a,Layout_and_Format,Layout,Traditional,"",""
1790,26-qiskit-bell-pairs.avif,03a,Layout_and_Format,Layout,Traditional,"",""
1791,27-qiskit-fractional.avif,03a,Layout_and_Format,Layout,Traditional,"",""
1792,60-pennylane-catalyst-6.svg,03a,Layout_and_Format,Layout,Traditional,"",""
1793,135-nature-google-2a.png,03a,Layout_and_Format,Layout,Traditional,"",""
1794,33-li-benjamin.avif,03a,Layout_and_Format,Layout,Traditional,"",""
1795,46-pennylane-select-swap.jpeg,03a,Layout_and_Format,Layout,Traditional,"",""
1796,57-pennylane-catalyst-3.svg,03a,Layout_and_Format,Layout,Traditional,"",""
1797,95-cirq-tele-2.png,03a,Layout_and_Format,Layout,Traditional,"",""
1798,132-nature-hothem-3.png,03a,Layout_and_Format,Layout,Traditional,"",""
1799,173-nature-brock-2b.png,03a,Layout_and_Format,Layout,Traditional,"",""
1800,174-nature-soltaninia-2a.png,03a,Layout_and_Format,Layout,Traditional,"",""
1801,12-3d-qubit-line-hl.jpg,03a,Layout_and_Format,Layout,Traditional,"",""
1802,39-pennylane-tensor.png,03a,Layout_and_Format,Layout,Traditional,"",""
1803,17-cartoons-2.png,03a,Layout_and_Format,Layout,Traditional,"",""
1804,47-pennylane-three-qubit.png,03a,Layout_and_Format,Layout,Traditional,"",""
1805,54-pennylane-non-clifford-2.png,03a,Layout_and_Format,Layout,Traditional,"",""
1806,61-pennylane-tele.png,03a,Layout_and_Format,Layout,Traditional,"",""
1807,110-nature-main-2a.png,03a,Layout_and_Format,Layout,Traditional,"",""
1808,112-nature-ruiz-1.png,03a,Layout_and_Format,Layout,Traditional,"",""
1809,119-nature-akpinar-1-3.png,03a,Layout_and_Format,Layout,Traditional,"",""
1810,171-nature-meth-1d.png,03a,Layout_and_Format,Layout,Traditional,"",""
1811,148-nautre-werner-1.png,03a,Layout_and_Format,Layout,Traditional,"",""
1812,19-qiskit-qaoa.svg,03a,Layout_and_Format,Layout,Traditional,"",""
1813,22-qiskit-hadamard-test.avif,03a,Layout_and_Format,Layout,Traditional,"",""
1814,28-qiskit-ghz-star-toplogy.avif,03a,Layout_and_Format,Layout,Traditional,"",""
1815,31-qiskit-cut-unfriendly.avif,03a,Layout_and_Format,Layout,Traditional,"",""
1816,40-pennylane-mdr.png,03a,Layout_and_Format,Layout,Traditional,"",""
1817,53-pennylane-non-clifford.png,03a,Layout_and_Format,Layout,Traditional,"",""
1818,64-pennylane-bp.png,03a,Layout_and_Format,Layout,Traditional,"",""
1819,121-nature-gao-3-3.png,03a,Layout_and_Format,Layout,Traditional,"",""
1820,130-nature-hoch-1b.png,03a,Layout_and_Format,Layout,Traditional,"",""
1821,140-nature-wing-bocanegra-8.png,03a,Layout_and_Format,Layout,Traditional,"",""
1822,154-nature-mourya-4.png,03a,Layout_and_Format,Layout,Traditional,"",""
1823,155-nature-du-6.png,03a,Layout_and_Format,Layout,Traditional,"",""
1824,159-nature-ahmed-3.png,03a,Layout_and_Format,Layout,Traditional,"",""
1825,172-nature-kim-3.png,03a,Layout_and_Format,Layout,Traditional,"",""
1826,178-nature-li-1c.png,03a,Layout_and_Format,Layout,Traditional,"",""
1827,35-vanderberg-pea.avif,03a,Layout_and_Format,Layout,Traditional,"",""
1828,38-qiskit-mpl-view-comb.avif,03a,Layout_and_Format,Layout,Traditional,"",""
1829,51-pennylane-hidden-cut.png,03a,Layout_and_Format,Layout,Traditional,"",""
1830,52-pennylane-chebyshev.png,03a,Layout_and_Format,Layout,Traditional,"",""
1831,120-nature-akpinar-4.png,03a,Layout_and_Format,Layout,Traditional,"",""
1832,146-nature-ringbauer-6.png,03a,Layout_and_Format,Layout,Traditional,"",""
1833,149-nature-turkeshi-1.png,03a,Layout_and_Format,Layout,Traditional,"",""
1834,153-nature-hu-1.png,03a,Layout_and_Format,Layout,Traditional,"",""
1835,20-qiskit-pauli-corr.avif,03a,Layout_and_Format,Layout,Traditional,"",""
1836,34-kandala-connection.avif,03a,Layout_and_Format,Layout,Traditional,"",""
1837,41-pennylane-mps-ani.gif,03a,Layout_and_Format,Layout,Traditional,"",""
1838,67-pennylane-qml-3.png,03a,Layout_and_Format,Layout,Traditional,"",""
1839,116-nature-ruiz-2.png,03a,Layout_and_Format,Layout,Traditional,"",""
1840,124-nature-than-1c.png,03a,Layout_and_Format,Layout,Traditional,"",""
1841,126-nature-butt-3a.png,03a,Layout_and_Format,Layout,Traditional,"",""
1842,183-nature-xie-2.png,03a,Layout_and_Format,Layout,Traditional,"",""
1843,37-syndrome.avif,03a,Layout_and_Format,Layout,Traditional,"",""
1844,59-pennylane-catalyst-5.svg,03a,Layout_and_Format,Layout,Traditional,"",""
1845,62-pennylane-tele-2.png,03a,Layout_and_Format,Layout,Traditional,"",""
1846,99-cirq-qaoa.png,03a,Layout_and_Format,Layout,Traditional,"",""
1847,162-nature-dong-1.png,03a,Layout_and_Format,Layout,Traditional,"",""
1848,165-nature-xing-6.png,03a,Layout_and_Format,Layout,Traditional,"",""
1849,15-3d-horizontal.jpg,03a,Layout_and_Format,Layout,Traditional,"",""
1850,156-nature-zhang-4.png,03a,Layout_and_Format,Layout,Traditional,"",""
1851,176-nature-kim-5.png,03a,Layout_and_Format,Layout,Traditional,"",""
1852,01-basic-with-anno.jpg,03a,Layout_and_Format,Layout,Traditional,"",""
1853,06-large-circuot-boxing.png,03a,Layout_and_Format,Layout,Traditional,"",""
1854,07-line-wrapped.jpg,03a,Layout_and_Format,Layout,Traditional,"",""
1855,21-qiskit-qaoa-step1.avif,03a,Layout_and_Format,Layout,Traditional,"",""
1856,25-qiskit-grover.avif,03a,Layout_and_Format,Layout,Traditional,"",""
1857,43-qiskit-ising.avif,03a,Layout_and_Format,Layout,Traditional,"",""
1858,32-qiskit-short-many-qubits.avif,03a,Layout_and_Format,Layout,Traditional,"",""
1859,36-qiskit-bad.avif,03a,Layout_and_Format,Layout,Traditional,"",""
1860,50-pennylane-3q-concept.png,03a,Layout_and_Format,Layout,Traditional,"",""
1861,63-pennylane-loom.png,03a,Layout_and_Format,Layout,Traditional,"",""
1862,68-ftqc-1.png,03a,Layout_and_Format,Layout,Traditional,"",""
1863,113-nature-ruiz-2.png,03a,Layout_and_Format,Layout,Traditional,"",""
1864,114-nature-ruiz-3.png,03a,Layout_and_Format,Layout,Traditional,"",""
1865,141-nature-rajput-4.png,03a,Layout_and_Format,Layout,Traditional,"",""
1866,147-nature-feng-1.png,03a,Layout_and_Format,Layout,Traditional,"",""
1867,151-nature-bavaresco-2.png,03a,Layout_and_Format,Layout,Traditional,"",""
1868,157-nature-zhang-2.png,03a,Layout_and_Format,Layout,Traditional,"",""
1869,164-nature-jager-4a.png,03a,Layout_and_Format,Layout,Traditional,"",""
1870,45-pennylane-qpe.png,03a,Layout_and_Format,Layout,Traditional,"",""
1871,127-nature-zhu-1.png,03a,Layout_and_Format,Layout,Traditional,"",""
1872,160-nature-shen-2b.png,03a,Layout_and_Format,Layout,Traditional,"",""
1873,65-pennylane-qml.png,03a,Layout_and_Format,Layout,Traditional,"",""
1874,91-cirq-pascal.png,03a,Layout_and_Format,Layout,Traditional,"",""
1875,117-nature-yan-2b.png,03a,Layout_and_Format,Layout,Traditional,Others,""
1876,150-nature-bavaresco-1.png,03a,Layout_and_Format,Layout,Traditional,"",""
1877,158-nature-ahmed-2b.png,03a,Layout_and_Format,Layout,Traditional,"",""
1878,73-cirq-append.png,03a,Layout_and_Format,Layout,Traditional,"",""
1879,109-nature-main-1c.png,03a,Layout_and_Format,Layout,Traditional,"",""
1880,111-nature-main-3a.png,03a,Layout_and_Format,Layout,Traditional,"",""
1881,14-cartoons.png,03a,Layout_and_Format,Layout,Traditional,"",""
1882,56-pennylane-catalyst-2.svg,03a,Layout_and_Format,Layout,Traditional,"",""
1883,58-pennylane-catalyst-4.svg,03a,Layout_and_Format,Layout,Traditional,"",""
1884,123-nature-zhang-3b.png,03a,Layout_and_Format,Layout,Traditional,"",""
1885,128-nature-mihalikova-3.png,03a,Layout_and_Format,Layout,Traditional,"",""
1886,138-nature-aljaedi-5.png,03a,Layout_and_Format,Layout,Traditional,"",""
1887,139-nature-wing-bocanegra-5.png,03a,Layout_and_Format,Layout,Traditional,"",""
1888,152-nature-kang-3.png,03a,Layout_and_Format,Layout,Traditional,"",""
1889,163-nature-long-3a.png,03a,Layout_and_Format,Layout,Traditional,"",""
1890,184-vanderberg-pea-2.png,03a,Layout_and_Format,Layout,Traditional,"",""
1891,180-nature-lacroix-1ab.png,03a,Layout_and_Format,Layout,Traditional,"",""
1892,70-ftqc-3.png,03a,Layout_and_Format,Layout,Traditional,"",""
1893,182-nature-lacroix-3d.png,03a,Layout_and_Format,Layout,Traditional,"",""
1894,05-vertical.png,03b,Layout_and_Format,Format,Circuit,"",""
1895,29-qiskit-long-range.avif,03b,Layout_and_Format,Format,Circuit,"",""
1896,48-pennylane-3-qubit-stabilize.png,03b,Layout_and_Format,Format,Circuit,"",""
1897,49-pennylane-3-qubit-full.png,03b,Layout_and_Format,Format,Circuit,"",""
1898,118-nature-yan-4b.png,03b,Layout_and_Format,Format,Circuit,"",""
1899,125-nature-than-6.png,03b,Layout_and_Format,Format,Circuit,"",""
1900,129-nature-mihalikova-5.png,03b,Layout_and_Format,Format,Circuit,"",""
1901,131-nature-hothem-1a.png,03b,Layout_and_Format,Format,Circuit,"",""
1902,00-basic-with-hl.jpg,03b,Layout_and_Format,Format,Circuit,"",""
1903,02-aggregate-ellipsis.png,03b,Layout_and_Format,Format,Circuit,"",""
1904,24-qiskit-shors.svg,03b,Layout_and_Format,Format,Circuit,"",""
1905,55-pennylane-catalyst.svg,03b,Layout_and_Format,Format,Circuit,"",""
1906,137-nature-cai-2c.png,03b,Layout_and_Format,Format,Circuit,"",""
1907,161-nature-ghisoni-1.png,03b,Layout_and_Format,Format,Circuit,"",""
1908,177-nature-liao-4b.png,03b,Layout_and_Format,Format,Circuit,"",""
1909,179-nature-gupta-1d.png,03b,Layout_and_Format,Format,Circuit,"",""
1910,04-sectioning-anno.png,03b,Layout_and_Format,Format,Circuit,"",""
1911,26-qiskit-bell-pairs.avif,03b,Layout_and_Format,Format,Circuit,"",""
1912,27-qiskit-fractional.avif,03b,Layout_and_Format,Format,Circuit,"",""
1913,60-pennylane-catalyst-6.svg,03b,Layout_and_Format,Format,Circuit,"",""
1914,135-nature-google-2a.png,03b,Layout_and_Format,Format,Circuit,"",""
1915,33-li-benjamin.avif,03b,Layout_and_Format,Format,Circuit,"",""
1916,46-pennylane-select-swap.jpeg,03b,Layout_and_Format,Format,Circuit,"",""
1917,57-pennylane-catalyst-3.svg,03b,Layout_and_Format,Format,Circuit,"",""
1918,95-cirq-tele-2.png,03b,Layout_and_Format,Format,Circuit,"",""
1919,132-nature-hothem-3.png,03b,Layout_and_Format,Format,Circuit,"",""
1920,173-nature-brock-2b.png,03b,Layout_and_Format,Format,Circuit,"",""
1921,174-nature-soltaninia-2a.png,03b,Layout_and_Format,Format,Circuit,"",""
1922,12-3d-qubit-line-hl.jpg,03b,Layout_and_Format,Format,Circuit,"",""
1923,39-pennylane-tensor.png,03b,Layout_and_Format,Format,Circuit,"",""
1924,17-cartoons-2.png,03b,Layout_and_Format,Format,Circuit,"",""
1925,47-pennylane-three-qubit.png,03b,Layout_and_Format,Format,Circuit,"",""
1926,54-pennylane-non-clifford-2.png,03b,Layout_and_Format,Format,Circuit,"",""
1927,61-pennylane-tele.png,03b,Layout_and_Format,Format,Circuit,"",""
1928,110-nature-main-2a.png,03b,Layout_and_Format,Format,Circuit,"",""
1929,112-nature-ruiz-1.png,03b,Layout_and_Format,Format,Circuit,"",""
1930,119-nature-akpinar-1-3.png,03b,Layout_and_Format,Format,Circuit,"",""
1931,171-nature-meth-1d.png,03b,Layout_and_Format,Format,Circuit,"",""
1932,148-nautre-werner-1.png,03b,Layout_and_Format,Format,Circuit,"",""
1933,19-qiskit-qaoa.svg,03b,Layout_and_Format,Format,Circuit,"",""
1934,22-qiskit-hadamard-test.avif,03b,Layout_and_Format,Format,Circuit,"",""
1935,28-qiskit-ghz-star-toplogy.avif,03b,Layout_and_Format,Format,Circuit,"",""
1936,31-qiskit-cut-unfriendly.avif,03b,Layout_and_Format,Format,Circuit,"",""
1937,40-pennylane-mdr.png,03b,Layout_and_Format,Format,Circuit,"",""
1938,53-pennylane-non-clifford.png,03b,Layout_and_Format,Format,Circuit,"",""
1939,64-pennylane-bp.png,03b,Layout_and_Format,Format,Circuit,"",""
1940,121-nature-gao-3-3.png,03b,Layout_and_Format,Format,Circuit,"",""
1941,130-nature-hoch-1b.png,03b,Layout_and_Format,Format,Circuit,"",""
1942,140-nature-wing-bocanegra-8.png,03b,Layout_and_Format,Format,Circuit,"",""
1943,154-nature-mourya-4.png,03b,Layout_and_Format,Format,Circuit,"",""
1944,155-nature-du-6.png,03b,Layout_and_Format,Format,Circuit,"",""
1945,159-nature-ahmed-3.png,03b,Layout_and_Format,Format,Circuit,"",""
1946,172-nature-kim-3.png,03b,Layout_and_Format,Format,Circuit,"",""
1947,178-nature-li-1c.png,03b,Layout_and_Format,Format,Circuit,"",""
1948,35-vanderberg-pea.avif,03b,Layout_and_Format,Format,Circuit,"",""
1949,38-qiskit-mpl-view-comb.avif,03b,Layout_and_Format,Format,Circuit,"",""
1950,51-pennylane-hidden-cut.png,03b,Layout_and_Format,Format,Circuit,"",""
1951,52-pennylane-chebyshev.png,03b,Layout_and_Format,Format,Circuit,"",""
1952,120-nature-akpinar-4.png,03b,Layout_and_Format,Format,Circuit,"",""
1953,146-nature-ringbauer-6.png,03b,Layout_and_Format,Format,Circuit,"",""
1954,149-nature-turkeshi-1.png,03b,Layout_and_Format,Format,Circuit,"",""
1955,153-nature-hu-1.png,03b,Layout_and_Format,Format,Circuit,"",""
1956,20-qiskit-pauli-corr.avif,03b,Layout_and_Format,Format,Circuit,"",""
1957,34-kandala-connection.avif,03b,Layout_and_Format,Format,Circuit,"",""
1958,41-pennylane-mps-ani.gif,03b,Layout_and_Format,Format,Circuit,"",""
1959,67-pennylane-qml-3.png,03b,Layout_and_Format,Format,Circuit,"",""
1960,116-nature-ruiz-2.png,03b,Layout_and_Format,Format,Circuit,"",""
1961,124-nature-than-1c.png,03b,Layout_and_Format,Format,Circuit,"",""
1962,126-nature-butt-3a.png,03b,Layout_and_Format,Format,Circuit,"",""
1963,183-nature-xie-2.png,03b,Layout_and_Format,Format,Circuit,"",""
1964,37-syndrome.avif,03b,Layout_and_Format,Format,Circuit,"",""
1965,59-pennylane-catalyst-5.svg,03b,Layout_and_Format,Format,Circuit,"",""
1966,62-pennylane-tele-2.png,03b,Layout_and_Format,Format,Circuit,"",""
1967,99-cirq-qaoa.png,03b,Layout_and_Format,Format,Circuit,"",""
1968,162-nature-dong-1.png,03b,Layout_and_Format,Format,Circuit,"",""
1969,165-nature-xing-6.png,03b,Layout_and_Format,Format,Circuit,"",""
1970,15-3d-horizontal.jpg,03b,Layout_and_Format,Format,Circuit,"",""
1971,156-nature-zhang-4.png,03b,Layout_and_Format,Format,Circuit,"",""
1972,176-nature-kim-5.png,03b,Layout_and_Format,Format,Circuit,"",""
1973,01-basic-with-anno.jpg,03b,Layout_and_Format,Format,Circuit,"",""
1974,06-large-circuot-boxing.png,03b,Layout_and_Format,Format,Circuit,"",""
1975,07-line-wrapped.jpg,03b,Layout_and_Format,Format,Circuit,"",""
1976,21-qiskit-qaoa-step1.avif,03b,Layout_and_Format,Format,Circuit,"",""
1977,25-qiskit-grover.avif,03b,Layout_and_Format,Format,Circuit,"",""
1978,43-qiskit-ising.avif,03b,Layout_and_Format,Format,Circuit,"",""
1979,32-qiskit-short-many-qubits.avif,03b,Layout_and_Format,Format,Circuit,"",""
1980,36-qiskit-bad.avif,03b,Layout_and_Format,Format,Circuit,"",""
1981,50-pennylane-3q-concept.png,03b,Layout_and_Format,Format,Circuit,"",""
1982,63-pennylane-loom.png,03b,Layout_and_Format,Format,Circuit,"",""
1983,68-ftqc-1.png,03b,Layout_and_Format,Format,Circuit,"",""
1984,113-nature-ruiz-2.png,03b,Layout_and_Format,Format,Circuit,"",""
1985,114-nature-ruiz-3.png,03b,Layout_and_Format,Format,Circuit,"",""
1986,141-nature-rajput-4.png,03b,Layout_and_Format,Format,Circuit,"",""
1987,147-nature-feng-1.png,03b,Layout_and_Format,Format,Circuit,"",""
1988,151-nature-bavaresco-2.png,03b,Layout_and_Format,Format,Circuit,"",""
1989,157-nature-zhang-2.png,03b,Layout_and_Format,Format,Circuit,"",""
1990,164-nature-jager-4a.png,03b,Layout_and_Format,Format,Circuit,"",""
1991,45-pennylane-qpe.png,03b,Layout_and_Format,Format,Circuit,"",""
1992,127-nature-zhu-1.png,03b,Layout_and_Format,Format,Circuit,"",""
1993,160-nature-shen-2b.png,03b,Layout_and_Format,Format,Circuit,"",""
1994,65-pennylane-qml.png,03b,Layout_and_Format,Format,Circuit,"",""
1995,91-cirq-pascal.png,03b,Layout_and_Format,Format,Circuit,"",""
1996,117-nature-yan-2b.png,03b,Layout_and_Format,Format,Circuit,Others,""
1997,150-nature-bavaresco-1.png,03b,Layout_and_Format,Format,Circuit,"",""
1998,158-nature-ahmed-2b.png,03b,Layout_and_Format,Format,Circuit,"",""
1999,73-cirq-append.png,03b,Layout_and_Format,Format,Circuit,"",""
2000,109-nature-main-1c.png,03b,Layout_and_Format,Format,Circuit,"",""
2001,111-nature-main-3a.png,03b,Layout_and_Format,Format,Circuit,"",""
2002,14-cartoons.png,03b,Layout_and_Format,Format,Circuit,"",""
2003,56-pennylane-catalyst-2.svg,03b,Layout_and_Format,Format,Circuit,"",""
2004,58-pennylane-catalyst-4.svg,03b,Layout_and_Format,Format,Circuit,"",""
2005,123-nature-zhang-3b.png,03b,Layout_and_Format,Format,Circuit,"",""
2006,128-nature-mihalikova-3.png,03b,Layout_and_Format,Format,Circuit,"",""
2007,138-nature-aljaedi-5.png,03b,Layout_and_Format,Format,Circuit,"",""
2008,139-nature-wing-bocanegra-5.png,03b,Layout_and_Format,Format,Circuit,"",""
2009,152-nature-kang-3.png,03b,Layout_and_Format,Format,Circuit,"",""
2010,163-nature-long-3a.png,03b,Layout_and_Format,Format,Circuit,"",""
2011,184-vanderberg-pea-2.png,03b,Layout_and_Format,Format,Circuit,"",""
2012,180-nature-lacroix-1ab.png,03b,Layout_and_Format,Format,Circuit,"",""
2013,70-ftqc-3.png,03b,Layout_and_Format,Format,Circuit,"",""
2014,182-nature-lacroix-3d.png,03b,Layout_and_Format,Format,Circuit,"",""
2015,02-aggregate-ellipsis.png,11c,Gate,Representation_characteristic,Grouped,"",""
2016,14-cartoons.png,11c,Gate,Representation_characteristic,Grouped,"",""
2017,19-qiskit-qaoa.svg,11c,Gate,Representation_characteristic,Grouped,"",""
2018,21-qiskit-qaoa-step1.avif,11c,Gate,Representation_characteristic,Grouped,"",""
2019,24-qiskit-shors.svg,11c,Gate,Representation_characteristic,Grouped,"",""
2020,35-vanderberg-pea.avif,11c,Gate,Representation_characteristic,Grouped,"",""
2021,50-pennylane-3q-concept.png,11c,Gate,Representation_characteristic,Grouped,"",""
2022,70-ftqc-3.png,11c,Gate,Representation_characteristic,Grouped,"",""
2023,128-nature-mihalikova-3.png,11c,Gate,Representation_characteristic,Grouped,"",""
2024,161-nature-ghisoni-1.png,11c,Gate,Representation_characteristic,Grouped,"",""
2025,70-ftqc-3.png,11c,Gate,Representation_characteristic,Grouped,"",""
2026,01-basic-with-anno.jpg,11b,Gate,Representation,Box_with_letters,"",""
2027,07-line-wrapped.jpg,11b,Gate,Representation,Box_with_letters,"",""
2028,19-qiskit-qaoa.svg,11b,Gate,Representation,Box_with_letters,"",""
2029,20-qiskit-pauli-corr.avif,11b,Gate,Representation,Box_with_letters,"",""
2030,22-qiskit-hadamard-test.avif,11b,Gate,Representation,Box_with_letters,"",""
2031,24-qiskit-shors.svg,11b,Gate,Representation,Box_with_letters,"",""
2032,33-li-benjamin.avif,11b,Gate,Representation,Box_with_letters,"",""
2033,35-vanderberg-pea.avif,11b,Gate,Representation,Box_with_letters,"",""
2034,39-pennylane-tensor.png,11b,Gate,Representation,Box_with_letters,"",""
2035,40-pennylane-mdr.png,11b,Gate,Representation,Box_with_letters,"",""
2036,45-pennylane-qpe.png,11b,Gate,Representation,Box_with_letters,"",""
2037,49-pennylane-3-qubit-full.png,11b,Gate,Representation,Box_with_letters,"",""
2038,53-pennylane-non-clifford.png,11b,Gate,Representation,Box_with_letters,"",""
2039,54-pennylane-non-clifford-2.png,11b,Gate,Representation,Box_with_letters,"",""
2040,58-pennylane-catalyst-4.svg,11b,Gate,Representation,Box_with_letters,"",""
2041,62-pennylane-tele-2.png,11b,Gate,Representation,Box_with_letters,"",""
2042,64-pennylane-bp.png,11b,Gate,Representation,Box_with_letters,"",""
2043,68-ftqc-1.png,11b,Gate,Representation,Box_with_letters,"",""
2044,70-ftqc-3.png,11b,Gate,Representation,Box_with_letters,"",""
2045,99-cirq-qaoa.png,11b,Gate,Representation,Box_with_letters,"",""
2046,102-cirq-toric.png,11b,Gate,Representation,Box_with_letters,"",""
2047,119-nature-akpinar-1-3.png,11b,Gate,Representation,Box_with_letters,"",""
2048,120-nature-akpinar-4.png,11b,Gate,Representation,Box_with_letters,"",""
2049,124-nature-than-1c.png,11b,Gate,Representation,Box_with_letters,"",""
2050,129-nature-mihalikova-5.png,11b,Gate,Representation,Box_with_letters,"",""
2051,130-nature-hoch-1b.png,11b,Gate,Representation,Box_with_letters,"",""
2052,135-nature-google-2a.png,11b,Gate,Representation,Box_with_letters,"",""
2053,150-nature-bavaresco-1.png,11b,Gate,Representation,Box_with_letters,"",""
2054,151-nature-bavaresco-2.png,11b,Gate,Representation,Box_with_letters,"",""
2055,152-nature-kang-3.png,11b,Gate,Representation,Box_with_letters,"",""
2056,153-nature-hu-1.png,11b,Gate,Representation,Box_with_letters,"",""
2057,157-nature-zhang-2.png,11b,Gate,Representation,Box_with_letters,"",""
2058,158-nature-ahmed-2b.png,11b,Gate,Representation,Box_with_letters,"",""
2059,160-nature-shen-2b.png,11b,Gate,Representation,Box_with_letters,"",""
2060,162-nature-dong-1.png,11b,Gate,Representation,Box_with_letters,"",""
2061,163-nature-long-3a.png,11b,Gate,Representation,Box_with_letters,"",""
2062,166-nature-verma-3.png,11b,Gate,Representation,Box_with_letters,"",""
2063,167-nature-verma-4.png,11b,Gate,Representation,Box_with_letters,"",""
2064,179-nature-gupta-1d.png,11b,Gate,Representation,Box_with_letters,"",""
2065,117-nature-yan-2b.png,11b,Gate,Representation,Box_with_letters,Others,""
2066,165-nature-xing-6.png,11b,Gate,Representation,Box_with_letters,"",""
2067,171-nature-meth-1d.png,11b,Gate,Representation,Box_with_letters,"",""
2068,61-pennylane-tele.png,11b,Gate,Representation,Box_with_letters,"",""
2069,67-pennylane-qml-3.png,11b,Gate,Representation,Box_with_letters,"",""
2070,06-large-circuot-boxing.png,11b,Gate,Representation,Box_with_letters,"",""
2071,52-pennylane-chebyshev.png,11b,Gate,Representation,Box_with_letters,"",""
2072,164-nature-jager-4a.png,11b,Gate,Representation,Box_and_lines,"",""
2073,177-nature-liao-4b.png,11b,Gate,Representation,Box_and_lines,"",""
2074,109-nature-main-1c.png,11b,Gate,Representation,Box_and_lines,"",""
2075,73-cirq-append.png,11b,Gate,Representation,Box_and_lines,"",""
2076,109-nature-main-1c.png,11b,Gate,Representation,Box_and_lines,"",""
2077,132-nature-hothem-3.png,11b,Gate,Representation,Box_and_lines,"",""
2078,131-nature-hothem-1a.png,11b,Gate,Representation,Box_and_lines,"",""
2079,149-nature-turkeshi-1.png,11b,Gate,Representation,Box_and_lines,"",""
2080,41-pennylane-mps-ani.gif,11b,Gate,Representation,Box_and_lines,"",""
2081,95-cirq-tele-2.png,11b,Gate,Representation,Box_and_lines,"",""
2082,08-3d-pauli.jpg,11b,Gate,Representation,Color,"",""
2083,09-3d-large.jpg,11b,Gate,Representation,Color,"",""
2084,10-3d-annotations.jpg,11b,Gate,Representation,Color,"",""
2085,11-3d-pictures.png,11b,Gate,Representation,Color,"",""
2086,12-3d-qubit-line-hl.jpg,11b,Gate,Representation,Color,"",""
2087,13-3d-vertical.jpg,11b,Gate,Representation,Color,"",""
2088,14-cartoons.png,11b,Gate,Representation,Color,"",""
2089,15-3d-horizontal.jpg,11b,Gate,Representation,Color,"",""
2090,18-on-machine-a.avif,11b,Gate,Representation,Color,"",""
2091,39-pennylane-tensor.png,11b,Gate,Representation,Color,"",""
2092,40-pennylane-mdr.png,11b,Gate,Representation,Color,"",""
2093,45-pennylane-qpe.png,11b,Gate,Representation,Color,"",""
2094,49-pennylane-3-qubit-full.png,11b,Gate,Representation,Color,"",""
2095,50-pennylane-3q-concept.png,11b,Gate,Representation,Color,"",""
2096,55-pennylane-catalyst.svg,11b,Gate,Representation,Color,"",""
2097,57-pennylane-catalyst-3.svg,11b,Gate,Representation,Color,"",""
2098,58-pennylane-catalyst-4.svg,11b,Gate,Representation,Color,"",""
2099,60-pennylane-catalyst-6.svg,11b,Gate,Representation,Color,"",""
2100,62-pennylane-tele-2.png,11b,Gate,Representation,Color,"",""
2101,63-pennylane-loom.png,11b,Gate,Representation,Color,"",""
2102,68-ftqc-1.png,11b,Gate,Representation,Color,"",""
2103,99-cirq-qaoa.png,11b,Gate,Representation,Color,"",""
2104,181-nature-lacroix-1cd.png,11b,Gate,Representation,Color,"",""
2105,119-nature-akpinar-1-3.png,11b,Gate,Representation,Color,"",""
2106,153-nature-hu-1.png,11b,Gate,Representation,Color,"",""
2107,159-nature-ahmed-3.png,11b,Gate,Representation,Color,"",""
2108,177-nature-liao-4b.png,11b,Gate,Representation,Color,"",""
2109,179-nature-gupta-1d.png,11b,Gate,Representation,Color,"",""
2110,183-nature-xie-2.png,11b,Gate,Representation,Color,"",""
2111,05-vertical.png,11b,Gate,Representation,Custom,"",""
2112,14-cartoons.png,11b,Gate,Representation,Custom,"",""
2113,51-pennylane-hidden-cut.png,11b,Gate,Representation,Custom,"",""
2114,137-nature-cai-2c.png,11b,Gate,Representation,Custom,"",""
2115,147-nature-feng-1.png,11b,Gate,Representation,Custom,"",""
2116,150-nature-bavaresco-1.png,11b,Gate,Representation,Custom,"",""
2117,151-nature-bavaresco-2.png,11b,Gate,Representation,Custom,"",""
2118,118-nature-yan-4b.png,11b,Gate,Representation,Shape,"",""
2119,48-pennylane-3-qubit-stabilize.png,11c,Gate,Representation_characteristic,Grouped,"",""
2120,50-pennylane-3q-concept.png,11c,Gate,Representation_characteristic,Grouped,"",""
2121,16-heatmap.jpg,11c,Gate,Representation_characteristic,Given,"",""
2122,89-cirq-machine-1.png,11c,Gate,Representation_characteristic,Given,"",""
2123,90-cirq-machine-2.png,11c,Gate,Representation_characteristic,Given,"",""
2124,93-cirq-mocking-2.png,11c,Gate,Representation_characteristic,Given,"",""
2125,105-cirq-lat-gau-1.png,11c,Gate,Representation_characteristic,Given,"",""
2126,106-cirq-lat-gau-2.png,11c,Gate,Representation_characteristic,Given,"",""
2127,107-cirq-lat-gau-3.png,11c,Gate,Representation_characteristic,Given,"",""
2128,169-nature-pecorari-2b.png,11c,Gate,Representation_characteristic,Given,"",""
2129,66-pennylane-qml-2.png,11c,Gate,Representation_characteristic,Given,"",""
2130,70-ftqc-3.png,11b,Gate,Representation,Shape,"",""
2131,73-cirq-append.png,11a,Gate,Information,Index,"",""
2132,01-basic-with-anno.jpg,11a,Gate,Information,Index,"",""
2133,73-cirq-append.png,11b,Gate,Representation,Text,"",""
2134,01-basic-with-anno.jpg,11b,Gate,Representation,Text,"",""
2135,04-sectioning-anno.png,11b,Gate,Representation,Traditional,"",""
2136,00-basic-with-hl.jpg,11b,Gate,Representation,Traditional,"",""
2137,05-vertical.png,11b,Gate,Representation,Traditional,"",""
2138,06-large-circuot-boxing.png,11b,Gate,Representation,Traditional,"",""
2139,07-line-wrapped.jpg,11b,Gate,Representation,Traditional,"",""
2140,11-3d-pictures.png,11b,Gate,Representation,Traditional,"",""
2141,14-cartoons.png,11b,Gate,Representation,Traditional,"",""
2142,17-cartoons-2.png,11b,Gate,Representation,Traditional,"",""
2143,20-qiskit-pauli-corr.avif,11b,Gate,Representation,Traditional,"",""
2144,21-qiskit-qaoa-step1.avif,11b,Gate,Representation,Traditional,"",""
2145,25-qiskit-grover.avif,11b,Gate,Representation,Traditional,"",""
2146,27-qiskit-fractional.avif,11b,Gate,Representation,Traditional,"",""
2147,28-qiskit-ghz-star-toplogy.avif,11b,Gate,Representation,Traditional,"",""
2148,29-qiskit-long-range.avif,11b,Gate,Representation,Traditional,"",""
2149,31-qiskit-cut-unfriendly.avif,11b,Gate,Representation,Traditional,"",""
2150,43-qiskit-ising.avif,11b,Gate,Representation,Traditional,"",""
2151,32-qiskit-short-many-qubits.avif,11b,Gate,Representation,Traditional,"",""
2152,37-syndrome.avif,11b,Gate,Representation,Traditional,"",""
2153,38-qiskit-mpl-view-comb.avif,11b,Gate,Representation,Traditional,"",""
2154,46-pennylane-select-swap.jpeg,11b,Gate,Representation,Traditional,"",""
2155,47-pennylane-three-qubit.png,11b,Gate,Representation,Traditional,"",""
2156,48-pennylane-3-qubit-stabilize.png,11b,Gate,Representation,Traditional,"",""
2157,49-pennylane-3-qubit-full.png,11b,Gate,Representation,Traditional,"",""
2158,50-pennylane-3q-concept.png,11b,Gate,Representation,Traditional,"",""
2159,51-pennylane-hidden-cut.png,11b,Gate,Representation,Traditional,"",""
2160,24-qiskit-shors.svg,11b,Gate,Representation,Traditional,"",""
2161,52-pennylane-chebyshev.png,11b,Gate,Representation,Traditional,"",""
2162,55-pennylane-catalyst.svg,11b,Gate,Representation,Traditional,"",""
2163,57-pennylane-catalyst-3.svg,11b,Gate,Representation,Traditional,"",""
2164,56-pennylane-catalyst-2.svg,11b,Gate,Representation,Traditional,"",""
2165,58-pennylane-catalyst-4.svg,11b,Gate,Representation,Traditional,"",""
2166,60-pennylane-catalyst-6.svg,11b,Gate,Representation,Traditional,"",""
2167,63-pennylane-loom.png,11b,Gate,Representation,Traditional,"",""
2168,65-pennylane-qml.png,11b,Gate,Representation,Traditional,"",""
2169,70-ftqc-3.png,11b,Gate,Representation,Traditional,"",""
2170,88-cirq-routing-compare.png,11b,Gate,Representation,Traditional,"",""
2171,87-cirq-routing.png,11b,Gate,Representation,Traditional,"",""
2172,86-cirq-in-and-in.png,11b,Gate,Representation,Traditional,"",""
2173,83-ciq-transformer.png,11b,Gate,Representation,Traditional,"",""
2174,82-cirq-stabilizer.png,11b,Gate,Representation,Traditional,"",""
2175,80-cirq-with-noise.png,11b,Gate,Representation,Traditional,"",""
2176,75-cirq-repeat.png,11b,Gate,Representation,Traditional,"",""
2177,74-cirq-qft.png,11b,Gate,Representation,Traditional,"",""
2178,72-cirq-3qubit.png,11b,Gate,Representation,Traditional,"",""
2179,91-cirq-pascal.png,11b,Gate,Representation,Traditional,"",""
2180,94-cirq-tele.png,11b,Gate,Representation,Traditional,"",""
2181,95-cirq-tele-2.png,11b,Gate,Representation,Traditional,"",""
2182,96-cirq-shors.png,11b,Gate,Representation,Traditional,"",""
2183,97-cirq-vqe.png,11b,Gate,Representation,Traditional,"",""
2184,98-cirq-linear.png,11b,Gate,Representation,Traditional,"",""
2185,99-cirq-qaoa.png,11b,Gate,Representation,Traditional,"",""
2186,101-cirq-chess.png,11b,Gate,Representation,Traditional,"",""
2187,103-cirq-toric-prog.png,11b,Gate,Representation,Traditional,"",""
2188,110-nature-main-2a.png,11b,Gate,Representation,Traditional,"",""
2189,111-nature-main-3a.png,11b,Gate,Representation,Traditional,"",""
2190,112-nature-ruiz-1.png,11b,Gate,Representation,Traditional,"",""
2191,113-nature-ruiz-2.png,11b,Gate,Representation,Traditional,"",""
2192,114-nature-ruiz-3.png,11b,Gate,Representation,Traditional,"",""
2193,115-nature-ruiz-1.png,11b,Gate,Representation,Traditional,"",""
2194,116-nature-ruiz-2.png,11b,Gate,Representation,Traditional,"",""
2195,117-nature-yan-2b.png,11b,Gate,Representation,Traditional,Others,""
2196,121-nature-gao-3-3.png,11b,Gate,Representation,Traditional,"",""
2197,123-nature-zhang-3b.png,11b,Gate,Representation,Traditional,"",""
2198,125-nature-than-6.png,11b,Gate,Representation,Traditional,"",""
2199,126-nature-butt-3a.png,11b,Gate,Representation,Traditional,"",""
2200,127-nature-zhu-1.png,11b,Gate,Representation,Traditional,"",""
2201,138-nature-aljaedi-5.png,11b,Gate,Representation,Traditional,"",""
2202,139-nature-wing-bocanegra-5.png,11b,Gate,Representation,Traditional,"",""
2203,140-nature-wing-bocanegra-8.png,11b,Gate,Representation,Traditional,"",""
2204,141-nature-rajput-4.png,11b,Gate,Representation,Traditional,"",""
2205,146-nature-ringbauer-6.png,11b,Gate,Representation,Traditional,"",""
2206,154-nature-mourya-4.png,11b,Gate,Representation,Traditional,"",""
2207,155-nature-du-6.png,11b,Gate,Representation,Traditional,"",""
2208,156-nature-zhang-4.png,11b,Gate,Representation,Traditional,"",""
2209,159-nature-ahmed-3.png,11b,Gate,Representation,Traditional,"",""
2210,161-nature-ghisoni-1.png,11b,Gate,Representation,Traditional,"",""
2211,165-nature-xing-6.png,11b,Gate,Representation,Traditional,"",""
2212,168-nature-pecorari-1a.png,11b,Gate,Representation,Traditional,"",""
2213,171-nature-meth-1d.png,11b,Gate,Representation,Traditional,"",""
2214,172-nature-kim-3.png,11b,Gate,Representation,Traditional,"",""
2215,173-nature-brock-2b.png,11b,Gate,Representation,Traditional,"",""
2216,174-nature-soltaninia-2a.png,11b,Gate,Representation,Traditional,"",""
2217,176-nature-kim-5.png,11b,Gate,Representation,Traditional,"",""
2218,178-nature-li-1c.png,11b,Gate,Representation,Traditional,"",""
2219,182-nature-lacroix-3d.png,11b,Gate,Representation,Traditional,"",""
2220,183-nature-xie-2.png,11b,Gate,Representation,Traditional,"",""
2221,132-nature-hothem-3.png,11b,Gate,Representation,Traditional,"",""
2222,147-nature-feng-1.png,11b,Gate,Representation,Traditional,"",""
2223,148-nautre-werner-1.png,11b,Gate,Representation,Traditional,"",""
2224,152-nature-kang-3.png,11b,Gate,Representation,Traditional,"",""
2225,158-nature-ahmed-2b.png,11b,Gate,Representation,Traditional,"",""
2226,170-pecorari-2c2.png,11b,Gate,Representation,Traditional,"",""
2227,180-nature-lacroix-1ab.png,11b,Gate,Representation,Traditional,"",""
2228,26-qiskit-bell-pairs.avif,11b,Gate,Representation,Traditional,"",""
2229,59-pennylane-catalyst-5.svg,11b,Gate,Representation,Traditional,"",""
2230,184-vanderberg-pea-2.png,11b,Gate,Representation,Traditional,"",""
2231,187-cirq-lat-gau-e2.png,11b,Gate,Representation,Traditional,"",""
2232,155-nature-du-6.png,11c,Gate,Representation_characteristic,Qubit_indication,"",""
2233,25-qiskit-grover.avif,11c,Gate,Representation_characteristic,Qubit_indication,"",""
2234,00-basic-with-hl.jpg,11c,Gate,Representation_characteristic,Qubit_indication,"",""
2235,07-line-wrapped.jpg,11c,Gate,Representation_characteristic,Qubit_indication,"",""
2236,157-nature-zhang-2.png,11c,Gate,Representation_characteristic,Qubit_indication,"",""
2237,21-qiskit-qaoa-step1.avif,11c,Gate,Representation_characteristic,Qubit_indication,"",""
2238,53-pennylane-non-clifford.png,11c,Gate,Representation_characteristic,Grouped,"",""
2239,54-pennylane-non-clifford-2.png,11c,Gate,Representation_characteristic,Grouped,"",""
2240,53-pennylane-non-clifford.png,15b,Selection,Method,Aggregation,"",""
2241,54-pennylane-non-clifford-2.png,15b,Selection,Method,Aggregation,"",""
2254,53-pennylane-non-clifford.png,11a,Gate,Information,Parameters,"",""
2255,54-pennylane-non-clifford-2.png,11a,Gate,Information,Parameters,"",""
2256,34-kandala-connection.avif,11a,Gate,Information,Pulse,"",""
2257,34-kandala-connection.avif,11b,Gate,Representation,Line_chart,"",""
2258,33-li-benjamin.avif,11b,Gate,Representation,Shape,"",""
2259,39-pennylane-tensor.png,11b,Gate,Representation,Shape,"",""
2260,130-nature-hoch-1b.png,11b,Gate,Representation,Shape,"",""
2261,71-cirq-hello.png,11b,Gate,Representation,Text,"",""
2262,72-cirq-3qubit.png,11b,Gate,Representation,Text,"",""
2263,74-cirq-qft.png,11b,Gate,Representation,Text,"",""
2264,78-cirq-with-unitary.png,11b,Gate,Representation,Text,"",""
2265,77-cirq-measure-names.png,11b,Gate,Representation,Text,"",""
2266,79-cirq-with-density.png,11b,Gate,Representation,Text,"",""
2267,80-cirq-with-noise.png,11b,Gate,Representation,Text,"",""
2268,82-cirq-stabilizer.png,11b,Gate,Representation,Text,"",""
2269,83-ciq-transformer.png,11b,Gate,Representation,Text,"",""
2270,84-cirq-transformer-custom.png,11b,Gate,Representation,Text,"",""
2271,85-cirq-ignore.png,11b,Gate,Representation,Text,"",""
2272,86-cirq-in-and-in.png,11b,Gate,Representation,Text,"",""
2273,87-cirq-routing.png,11b,Gate,Representation,Text,"",""
2274,88-cirq-routing-compare.png,11b,Gate,Representation,Text,"",""
2275,94-cirq-tele.png,11b,Gate,Representation,Text,"",""
2276,96-cirq-shors.png,11b,Gate,Representation,Text,"",""
2277,97-cirq-vqe.png,11b,Gate,Representation,Text,"",""
2278,98-cirq-linear.png,11b,Gate,Representation,Text,"",""
2279,101-cirq-chess.png,11b,Gate,Representation,Text,"",""
2280,103-cirq-toric-prog.png,11b,Gate,Representation,Text,"",""
2281,76-simple-with-vector.png,11b,Gate,Representation,Text,"",""
2282,07-line-wrapped.jpg,18b,Narrative,Annotation,Program_global_phase,"",""
2283,25-qiskit-grover.avif,18b,Narrative,Annotation,Program_global_phase,"",""
2284,06-large-circuot-boxing.png,18b,Narrative,Annotation,Program_global_phase,"",""
2298,111-nature-main-3a.png,18d,Narrative,Attachment,Problem_topic,Physics_chemisry,""
2299,164-nature-jager-4a.png,18d,Narrative,Attachment,Problem_topic,Physics_chemisry,""
2300,111-nature-main-3a.png,09d,State,Representation_characteristic,At_init,"",""
2301,164-nature-jager-4a.png,09d,State,Representation_characteristic,At_init,"",""
2372,161-nature-ghisoni-1.png,18d,Narrative,Attachment,Problem_topic,Mathematics,""
2373,161-nature-ghisoni-1.png,09d,State,Representation_characteristic,At_init,"",""
2493,158-nature-ahmed-2b.png,18d,Narrative,Attachment,Problem_topic,QML,""
2494,163-nature-long-3a.png,18d,Narrative,Attachment,Problem_topic,QML,""
2495,117-nature-yan-2b.png,18d,Narrative,Attachment,Problem_topic,Others,""
2496,158-nature-ahmed-2b.png,09d,State,Representation_characteristic,At_init,"",""
2497,163-nature-long-3a.png,09d,State,Representation_characteristic,At_init,"",""
2498,117-nature-yan-2b.png,09d,State,Representation_characteristic,At_init,Others,""
2499,43-qiskit-ising.avif,09d,State,Representation_characteristic,Selective,"",""
2500,14-cartoons.png,09d,State,Representation_characteristic,Selective,"",""
2501,50-pennylane-3q-concept.png,09d,State,Representation_characteristic,Selective,"",""
2502,54-pennylane-non-clifford-2.png,09d,State,Representation_characteristic,Selective,"",""
2503,57-pennylane-catalyst-3.svg,09d,State,Representation_characteristic,Selective,"",""
2504,114-nature-ruiz-3.png,09d,State,Representation_characteristic,Selective,"",""
2505,171-nature-meth-1d.png,09d,State,Representation_characteristic,Selective,"",""
2506,176-nature-kim-5.png,09d,State,Representation_characteristic,Selective,"",""
2507,17-cartoons-2.png,09d,State,Representation_characteristic,Selective,"",""
2508,138-nature-aljaedi-5.png,11a,Gate,Information,State_preparation,"",""
2509,163-nature-long-3a.png,11a,Gate,Information,State_preparation,"",""
2510,164-nature-jager-4a.png,11a,Gate,Information,State_preparation,"",""
2511,171-nature-meth-1d.png,11a,Gate,Information,State_preparation,"",""
2512,138-nature-aljaedi-5.png,09d,State,Representation_characteristic,At_init,"",""
2513,163-nature-long-3a.png,09d,State,Representation_characteristic,At_init,"",""
2514,164-nature-jager-4a.png,09d,State,Representation_characteristic,At_init,"",""
2515,171-nature-meth-1d.png,09d,State,Representation_characteristic,At_init,"",""
2517,147-nature-feng-1.png,17b,Reference,Legend,Child_circuit,"",""
2518,134-nature-hillmann-2.png,17b,Reference,Legend,Category_grouping,"",""
2519,16-heatmap.jpg,17b,Reference,Legend,Quantity_error,"",""
2520,69-ftqc-2.png,17b,Reference,Legend,Quantity_error,"",""
2521,89-cirq-machine-1.png,17b,Reference,Legend,Quantity_error,"",""
2522,90-cirq-machine-2.png,17b,Reference,Legend,Quantity_error,"",""
2523,93-cirq-mocking-2.png,17b,Reference,Legend,Quantity_error,"",""
2524,134-nature-hillmann-2.png,17b,Reference,Legend,Quantity_error,"",""
2525,69-ftqc-2.png,17b,Reference,Legend,Category_type,"",""
2526,133-nature-hillmann-1.png,17b,Reference,Legend,Category_type,"",""
2527,175-nature-kim-1b.png,17b,Reference,Legend,Category_type,"",""
2528,182-nature-lacroix-3d.png,17b,Reference,Legend,Category_type,"",""
2529,105-cirq-lat-gau-1.png,17b,Reference,Legend,Quantity_etc,"",""
2530,106-cirq-lat-gau-2.png,17b,Reference,Legend,Quantity_etc,"",""
2531,107-cirq-lat-gau-3.png,17b,Reference,Legend,Quantity_etc,"",""
2532,108-cirq-lat-gau-4.png,17b,Reference,Legend,Quantity_etc,"",""
2533,08-3d-pauli.jpg,17b,Reference,Legend,Category_type,"",""
2534,131-nature-hothem-1a.png,17b,Reference,Legend,Category_type,"",""
2535,135-nature-google-2a.png,17b,Reference,Legend,Category_type,"",""
2536,147-nature-feng-1.png,17b,Reference,Legend,Category_type,"",""
2537,177-nature-liao-4b.png,17b,Reference,Legend,Category_type,"",""
2538,179-nature-gupta-1d.png,17b,Reference,Legend,Category_type,"",""
2539,180-nature-lacroix-1ab.png,17b,Reference,Legend,Category_type,"",""
2540,182-nature-lacroix-3d.png,17b,Reference,Legend,Category_type,"",""
2541,122-nature-zhang-3a.png,17b,Reference,Legend,Category_type,"",""
2542,115-nature-ruiz-1.png,17b,Reference,Legend,Category_type,"",""
2543,133-nature-hillmann-1.png,17b,Reference,Legend,Category_type,"",""
2544,134-nature-hillmann-2.png,17b,Reference,Legend,Category_type,"",""
2545,175-nature-kim-1b.png,17b,Reference,Legend,Category_type,"",""
2546,180-nature-lacroix-1ab.png,17b,Reference,Legend,Category_type,"",""
2547,179-nature-gupta-1d.png,17b,Reference,Legend,Category_type,"",""
2548,104-pennylane-toric.png,17b,Reference,Legend,Category_grouping,"",""
2549,175-nature-kim-1b.png,17b,Reference,Legend,Category_grouping,"",""
2550,66-pennylane-qml-2.png,17b,Reference,Legend,Quantity_state,"",""
2551,136-nature-google-2b.png,17b,Reference,Legend,Quantity_state,"",""
2552,13-3d-vertical.jpg,17b,Reference,Legend,Grid_axis,"",""
2553,15-3d-horizontal.jpg,17b,Reference,Legend,Grid_axis,"",""
2554,110-nature-main-2a.png,18d,Narrative,Attachment,Gate_fidelity,"",""
2557,130-nature-hoch-1b.png,12b,Measure,Representation,Custom_icon,"",""
2559,154-nature-mourya-4.png,12b,Measure,Representation,Hidden,"",""
2560,01-basic-with-anno.jpg,12c,Measure,Representation_characteristic,Grouped,"",""
2561,19-qiskit-qaoa.svg,12c,Measure,Representation_characteristic,Grouped,"",""
2562,61-pennylane-tele.png,12c,Measure,Representation_characteristic,Grouped,"",""
2563,125-nature-than-6.png,12c,Measure,Representation_characteristic,Grouped,"",""
2564,146-nature-ringbauer-6.png,12c,Measure,Representation_characteristic,Grouped,"",""
2565,167-nature-verma-4.png,12c,Measure,Representation_characteristic,Grouped,"",""
2566,177-nature-liao-4b.png,12c,Measure,Representation_characteristic,Grouped,"",""
2567,01-basic-with-anno.jpg,15a,Selection,Unit,Measure,"",""
2568,19-qiskit-qaoa.svg,15a,Selection,Unit,Measure,"",""
2569,61-pennylane-tele.png,15a,Selection,Unit,Measure,"",""
2570,125-nature-than-6.png,15a,Selection,Unit,Measure,"",""
2571,146-nature-ringbauer-6.png,15a,Selection,Unit,Measure,"",""
2572,167-nature-verma-4.png,15a,Selection,Unit,Measure,"",""
2573,177-nature-liao-4b.png,15a,Selection,Unit,Measure,"",""
2574,77-cirq-measure-names.png,12a,Measure,Information,Named,"",""
2575,82-cirq-stabilizer.png,12a,Measure,Information,Named,"",""
2576,71-cirq-hello.png,12a,Measure,Information,Named,"",""
2577,97-cirq-vqe.png,12a,Measure,Information,Named,"",""
2578,98-cirq-linear.png,12a,Measure,Information,Named,"",""
2579,125-nature-than-6.png,12a,Measure,Information,Named,"",""
2580,135-nature-google-2a.png,12a,Measure,Information,Named,"",""
2581,53-pennylane-non-clifford.png,12b,Measure,Representation,Next_to_final_gate,"",""
2582,54-pennylane-non-clifford-2.png,12b,Measure,Representation,Next_to_final_gate,"",""
2583,61-pennylane-tele.png,12b,Measure,Representation,Next_to_final_gate,"",""
2584,62-pennylane-tele-2.png,12b,Measure,Representation,Next_to_final_gate,"",""
2585,107-cirq-lat-gau-3.png,12c,Measure,Representation_characteristic,On_machine_view,"",""
2586,144-nature-ringbauer-1c.png,12c,Measure,Representation_characteristic,On_machine_view,"",""
2587,11-3d-pictures.png,12c,Measure,Representation_characteristic,On_machine_view,"",""
2588,02-aggregate-ellipsis.png,12c,Measure,Representation_characteristic,No_classical,"",""
2589,06-large-circuot-boxing.png,12c,Measure,Representation_characteristic,No_classical,"",""
2590,17-cartoons-2.png,12c,Measure,Representation_characteristic,No_classical,"",""
2591,04-sectioning-anno.png,12c,Measure,Representation_characteristic,No_classical,"",""
2592,20-qiskit-pauli-corr.avif,12c,Measure,Representation_characteristic,No_classical,"",""
2593,24-qiskit-shors.svg,12c,Measure,Representation_characteristic,No_classical,"",""
2594,29-qiskit-long-range.avif,12c,Measure,Representation_characteristic,No_classical,"",""
2595,34-kandala-connection.avif,12c,Measure,Representation_characteristic,No_classical,"",""
2596,35-vanderberg-pea.avif,12c,Measure,Representation_characteristic,No_classical,"",""
2597,40-pennylane-mdr.png,12c,Measure,Representation_characteristic,No_classical,"",""
2598,48-pennylane-3-qubit-stabilize.png,12c,Measure,Representation_characteristic,No_classical,"",""
2599,50-pennylane-3q-concept.png,12c,Measure,Representation_characteristic,No_classical,"",""
2600,51-pennylane-hidden-cut.png,12c,Measure,Representation_characteristic,No_classical,"",""
2601,60-pennylane-catalyst-6.svg,12c,Measure,Representation_characteristic,No_classical,"",""
2602,63-pennylane-loom.png,12c,Measure,Representation_characteristic,No_classical,"",""
2603,64-pennylane-bp.png,12c,Measure,Representation_characteristic,No_classical,"",""
2604,70-ftqc-3.png,12c,Measure,Representation_characteristic,No_classical,"",""
2605,71-cirq-hello.png,12c,Measure,Representation_characteristic,No_classical,"",""
2606,77-cirq-measure-names.png,12c,Measure,Representation_characteristic,No_classical,"",""
2607,82-cirq-stabilizer.png,12c,Measure,Representation_characteristic,No_classical,"",""
2608,83-ciq-transformer.png,12c,Measure,Representation_characteristic,No_classical,"",""
2609,91-cirq-pascal.png,12c,Measure,Representation_characteristic,No_classical,"",""
2610,96-cirq-shors.png,12c,Measure,Representation_characteristic,No_classical,"",""
2611,97-cirq-vqe.png,12c,Measure,Representation_characteristic,No_classical,"",""
2612,98-cirq-linear.png,12c,Measure,Representation_characteristic,No_classical,"",""
2613,99-cirq-qaoa.png,12c,Measure,Representation_characteristic,No_classical,"",""
2614,114-nature-ruiz-3.png,12c,Measure,Representation_characteristic,No_classical,"",""
2615,116-nature-ruiz-2.png,12c,Measure,Representation_characteristic,No_classical,"",""
2616,117-nature-yan-2b.png,12c,Measure,Representation_characteristic,No_classical,Others,""
2617,123-nature-zhang-3b.png,12c,Measure,Representation_characteristic,No_classical,"",""
2618,124-nature-than-1c.png,12c,Measure,Representation_characteristic,No_classical,"",""
2619,126-nature-butt-3a.png,12c,Measure,Representation_characteristic,No_classical,"",""
2620,127-nature-zhu-1.png,12c,Measure,Representation_characteristic,No_classical,"",""
2621,135-nature-google-2a.png,12c,Measure,Representation_characteristic,No_classical,"",""
2622,139-nature-wing-bocanegra-5.png,12c,Measure,Representation_characteristic,No_classical,"",""
2623,140-nature-wing-bocanegra-8.png,12c,Measure,Representation_characteristic,No_classical,"",""
2624,146-nature-ringbauer-6.png,12c,Measure,Representation_characteristic,No_classical,"",""
2625,147-nature-feng-1.png,12c,Measure,Representation_characteristic,No_classical,"",""
2626,148-nautre-werner-1.png,12c,Measure,Representation_characteristic,No_classical,"",""
2627,153-nature-hu-1.png,12c,Measure,Representation_characteristic,No_classical,"",""
2628,158-nature-ahmed-2b.png,12c,Measure,Representation_characteristic,No_classical,"",""
2629,160-nature-shen-2b.png,12c,Measure,Representation_characteristic,No_classical,"",""
2630,161-nature-ghisoni-1.png,12c,Measure,Representation_characteristic,No_classical,"",""
2631,162-nature-dong-1.png,12c,Measure,Representation_characteristic,No_classical,"",""
2632,163-nature-long-3a.png,12c,Measure,Representation_characteristic,No_classical,"",""
2633,164-nature-jager-4a.png,12c,Measure,Representation_characteristic,No_classical,"",""
2634,171-nature-meth-1d.png,12c,Measure,Representation_characteristic,No_classical,"",""
2635,172-nature-kim-3.png,12c,Measure,Representation_characteristic,No_classical,"",""
2636,173-nature-brock-2b.png,12c,Measure,Representation_characteristic,No_classical,"",""
2637,177-nature-liao-4b.png,12c,Measure,Representation_characteristic,No_classical,"",""
2638,180-nature-lacroix-1ab.png,12c,Measure,Representation_characteristic,No_classical,"",""
2639,182-nature-lacroix-3d.png,12c,Measure,Representation_characteristic,No_classical,"",""
2640,118-nature-yan-4b.png,12c,Measure,Representation_characteristic,No_classical,"",""
2641,131-nature-hothem-1a.png,12c,Measure,Representation_characteristic,No_classical,"",""
2642,67-pennylane-qml-3.png,12c,Measure,Representation_characteristic,No_classical,"",""
2643,14-cartoons.png,12c,Measure,Representation_characteristic,No_classical,"",""
2644,184-vanderberg-pea-2.png,12c,Measure,Representation_characteristic,No_classical,"",""
2645,120-nature-akpinar-4.png,12c,Measure,Representation_characteristic,No_classical,"",""
2646,116-nature-ruiz-2.png,12a,Measure,Information,Puali_axis,"",""
2647,126-nature-butt-3a.png,12a,Measure,Information,Puali_axis,"",""
2648,160-nature-shen-2b.png,12a,Measure,Information,Puali_axis,"",""
2649,173-nature-brock-2b.png,12a,Measure,Information,Puali_axis,"",""
2650,180-nature-lacroix-1ab.png,12a,Measure,Information,Puali_axis,"",""
2651,182-nature-lacroix-3d.png,12a,Measure,Information,Puali_axis,"",""
2652,40-pennylane-mdr.png,12a,Measure,Information,Puali_axis,"",""
2653,00-basic-with-hl.jpg,12c,Measure,Representation_characteristic,Grouped,"",""
2654,37-syndrome.avif,12c,Measure,Representation_characteristic,Grouped,"",""
2655,00-basic-with-hl.jpg,15b,Selection,Method,Aggregation,"",""
2656,37-syndrome.avif,15b,Selection,Method,Aggregation,"",""
2657,00-basic-with-hl.jpg,15a,Selection,Unit,Measure,"",""
2658,37-syndrome.avif,15a,Selection,Unit,Measure,"",""
2659,00-basic-with-hl.jpg,12c,Measure,Representation_characteristic,Quantum_to_classical,"",""
2660,07-line-wrapped.jpg,12c,Measure,Representation_characteristic,Quantum_to_classical,"",""
2661,37-syndrome.avif,12c,Measure,Representation_characteristic,Quantum_to_classical,"",""
2662,25-qiskit-grover.avif,12c,Measure,Representation_characteristic,Quantum_to_classical,"",""
2663,26-qiskit-bell-pairs.avif,12c,Measure,Representation_characteristic,Quantum_to_classical,"",""
2664,27-qiskit-fractional.avif,12c,Measure,Representation_characteristic,Quantum_to_classical,"",""
2665,36-qiskit-bad.avif,12c,Measure,Representation_characteristic,Quantum_to_classical,"",""
2666,21-qiskit-qaoa-step1.avif,12c,Measure,Representation_characteristic,Quantum_to_classical,"",""
2667,65-pennylane-qml.png,12c,Measure,Representation_characteristic,Quantum_to_classical,"",""
2668,183-nature-xie-2.png,12c,Measure,Representation_characteristic,Quantum_to_classical,"",""
2669,120-nature-akpinar-4.png,12b,Measure,Representation,Custom_icon,"",""
2670,63-pennylane-loom.png,12a,Measure,Information,Expected_value,"",""
2671,107-cirq-lat-gau-3.png,12a,Measure,Information,Expected_value,"",""
2672,01-basic-with-anno.jpg,12b,Measure,Representation,Traditional,"",""
2673,19-qiskit-qaoa.svg,12b,Measure,Representation,Traditional,"",""
2674,61-pennylane-tele.png,12b,Measure,Representation,Traditional,"",""
2675,125-nature-than-6.png,12b,Measure,Representation,Traditional,"",""
2676,146-nature-ringbauer-6.png,12b,Measure,Representation,Traditional,"",""
2677,167-nature-verma-4.png,12b,Measure,Representation,Traditional,"",""
2678,177-nature-liao-4b.png,12b,Measure,Representation,Traditional,"",""
2679,01-basic-with-anno.jpg,15b,Selection,Method,Aggregation,"",""
2680,19-qiskit-qaoa.svg,15b,Selection,Method,Aggregation,"",""
2681,61-pennylane-tele.png,15b,Selection,Method,Aggregation,"",""
2682,125-nature-than-6.png,15b,Selection,Method,Aggregation,"",""
2683,146-nature-ringbauer-6.png,15b,Selection,Method,Aggregation,"",""
2684,167-nature-verma-4.png,15b,Selection,Method,Aggregation,"",""
2685,177-nature-liao-4b.png,15b,Selection,Method,Aggregation,"",""
2686,77-cirq-measure-names.png,12c,Measure,Representation_characteristic,Annotated,"",""
2687,82-cirq-stabilizer.png,12c,Measure,Representation_characteristic,Annotated,"",""
2688,71-cirq-hello.png,12c,Measure,Representation_characteristic,Annotated,"",""
2689,97-cirq-vqe.png,12c,Measure,Representation_characteristic,Annotated,"",""
2690,98-cirq-linear.png,12c,Measure,Representation_characteristic,Annotated,"",""
2691,125-nature-than-6.png,12c,Measure,Representation_characteristic,Annotated,"",""
2692,135-nature-google-2a.png,12c,Measure,Representation_characteristic,Annotated,"",""
2693,53-pennylane-non-clifford.png,12b,Measure,Representation,Traditional,"",""
2694,54-pennylane-non-clifford-2.png,12b,Measure,Representation,Traditional,"",""
2695,61-pennylane-tele.png,12b,Measure,Representation,Traditional,"",""
2696,62-pennylane-tele-2.png,12b,Measure,Representation,Traditional,"",""
2697,107-cirq-lat-gau-3.png,12b,Measure,Representation,Traditional,"",""
2698,144-nature-ringbauer-1c.png,12b,Measure,Representation,Traditional,"",""
2699,11-3d-pictures.png,12b,Measure,Representation,Traditional,"",""
2700,02-aggregate-ellipsis.png,12b,Measure,Representation,Traditional,"",""
2701,06-large-circuot-boxing.png,12b,Measure,Representation,Traditional,"",""
2702,17-cartoons-2.png,12b,Measure,Representation,Traditional,"",""
2703,04-sectioning-anno.png,12b,Measure,Representation,Traditional,"",""
2704,20-qiskit-pauli-corr.avif,12b,Measure,Representation,Traditional,"",""
2705,24-qiskit-shors.svg,12b,Measure,Representation,Traditional,"",""
2706,29-qiskit-long-range.avif,12b,Measure,Representation,Traditional,"",""
2707,34-kandala-connection.avif,12b,Measure,Representation,Traditional,"",""
2708,35-vanderberg-pea.avif,12b,Measure,Representation,Traditional,"",""
2709,40-pennylane-mdr.png,12b,Measure,Representation,Traditional,"",""
2710,48-pennylane-3-qubit-stabilize.png,12b,Measure,Representation,Traditional,"",""
2711,50-pennylane-3q-concept.png,12b,Measure,Representation,Traditional,"",""
2712,51-pennylane-hidden-cut.png,12b,Measure,Representation,Traditional,"",""
2713,60-pennylane-catalyst-6.svg,12b,Measure,Representation,Traditional,"",""
2714,63-pennylane-loom.png,12b,Measure,Representation,Traditional,"",""
2715,64-pennylane-bp.png,12b,Measure,Representation,Traditional,"",""
2716,70-ftqc-3.png,12b,Measure,Representation,Traditional,"",""
2717,71-cirq-hello.png,12b,Measure,Representation,Traditional,"",""
2718,77-cirq-measure-names.png,12b,Measure,Representation,Traditional,"",""
2719,82-cirq-stabilizer.png,12b,Measure,Representation,Traditional,"",""
2720,83-ciq-transformer.png,12b,Measure,Representation,Traditional,"",""
2721,91-cirq-pascal.png,12b,Measure,Representation,Traditional,"",""
2722,96-cirq-shors.png,12b,Measure,Representation,Traditional,"",""
2723,97-cirq-vqe.png,12b,Measure,Representation,Traditional,"",""
2724,98-cirq-linear.png,12b,Measure,Representation,Traditional,"",""
2725,99-cirq-qaoa.png,12b,Measure,Representation,Traditional,"",""
2726,114-nature-ruiz-3.png,12b,Measure,Representation,Traditional,"",""
2727,116-nature-ruiz-2.png,12b,Measure,Representation,Traditional,"",""
2728,117-nature-yan-2b.png,12b,Measure,Representation,Traditional,Others,""
2729,123-nature-zhang-3b.png,12b,Measure,Representation,Traditional,"",""
2730,124-nature-than-1c.png,12b,Measure,Representation,Traditional,"",""
2731,126-nature-butt-3a.png,12b,Measure,Representation,Traditional,"",""
2732,127-nature-zhu-1.png,12b,Measure,Representation,Traditional,"",""
2733,135-nature-google-2a.png,12b,Measure,Representation,Traditional,"",""
2734,139-nature-wing-bocanegra-5.png,12b,Measure,Representation,Traditional,"",""
2735,140-nature-wing-bocanegra-8.png,12b,Measure,Representation,Traditional,"",""
2736,146-nature-ringbauer-6.png,12b,Measure,Representation,Traditional,"",""
2737,147-nature-feng-1.png,12b,Measure,Representation,Traditional,"",""
2738,148-nautre-werner-1.png,12b,Measure,Representation,Traditional,"",""
2739,153-nature-hu-1.png,12b,Measure,Representation,Traditional,"",""
2740,158-nature-ahmed-2b.png,12b,Measure,Representation,Traditional,"",""
2741,160-nature-shen-2b.png,12b,Measure,Representation,Traditional,"",""
2742,161-nature-ghisoni-1.png,12b,Measure,Representation,Traditional,"",""
2743,162-nature-dong-1.png,12b,Measure,Representation,Traditional,"",""
2744,163-nature-long-3a.png,12b,Measure,Representation,Traditional,"",""
2745,164-nature-jager-4a.png,12b,Measure,Representation,Traditional,"",""
2746,171-nature-meth-1d.png,12b,Measure,Representation,Traditional,"",""
2747,172-nature-kim-3.png,12b,Measure,Representation,Traditional,"",""
2748,173-nature-brock-2b.png,12b,Measure,Representation,Traditional,"",""
2749,177-nature-liao-4b.png,12b,Measure,Representation,Traditional,"",""
2750,180-nature-lacroix-1ab.png,12b,Measure,Representation,Traditional,"",""
2751,182-nature-lacroix-3d.png,12b,Measure,Representation,Traditional,"",""
2752,118-nature-yan-4b.png,12b,Measure,Representation,Traditional,"",""
2753,131-nature-hothem-1a.png,12b,Measure,Representation,Traditional,"",""
2754,67-pennylane-qml-3.png,12b,Measure,Representation,Traditional,"",""
2755,14-cartoons.png,12b,Measure,Representation,Traditional,"",""
2756,184-vanderberg-pea-2.png,12b,Measure,Representation,Traditional,"",""
2757,120-nature-akpinar-4.png,12b,Measure,Representation,Traditional,"",""
2758,116-nature-ruiz-2.png,12c,Measure,Representation_characteristic,Annotated,"",""
2759,126-nature-butt-3a.png,12c,Measure,Representation_characteristic,Annotated,"",""
2760,160-nature-shen-2b.png,12c,Measure,Representation_characteristic,Annotated,"",""
2761,173-nature-brock-2b.png,12c,Measure,Representation_characteristic,Annotated,"",""
2762,180-nature-lacroix-1ab.png,12c,Measure,Representation_characteristic,Annotated,"",""
2763,182-nature-lacroix-3d.png,12c,Measure,Representation_characteristic,Annotated,"",""
2764,40-pennylane-mdr.png,12c,Measure,Representation_characteristic,Annotated,"",""
2765,00-basic-with-hl.jpg,12b,Measure,Representation,Traditional,"",""
2766,07-line-wrapped.jpg,12b,Measure,Representation,Traditional,"",""
2767,37-syndrome.avif,12b,Measure,Representation,Traditional,"",""
2768,25-qiskit-grover.avif,12b,Measure,Representation,Traditional,"",""
2769,26-qiskit-bell-pairs.avif,12b,Measure,Representation,Traditional,"",""
2770,27-qiskit-fractional.avif,12b,Measure,Representation,Traditional,"",""
2771,36-qiskit-bad.avif,12b,Measure,Representation,Traditional,"",""
2772,21-qiskit-qaoa-step1.avif,12b,Measure,Representation,Traditional,"",""
2773,65-pennylane-qml.png,12b,Measure,Representation,Traditional,"",""
2774,183-nature-xie-2.png,12b,Measure,Representation,Traditional,"",""
2775,63-pennylane-loom.png,12c,Measure,Representation_characteristic,Annotated,"",""
2776,107-cirq-lat-gau-3.png,12c,Measure,Representation_characteristic,Annotated,"",""
2777,54-pennylane-non-clifford-2.png,13a,Mid_circuit_measure,Information,Continued,"",""
2778,132-nature-hothem-3.png,13a,Mid_circuit_measure,Information,Continued,"",""
2779,182-nature-lacroix-3d.png,13a,Mid_circuit_measure,Information,Continued,"",""
2780,02-aggregate-ellipsis.png,13a,Mid_circuit_measure,Information,Back_to_quantum,"",""
2781,04-sectioning-anno.png,13a,Mid_circuit_measure,Information,Back_to_quantum,"",""
2782,43-qiskit-ising.avif,13a,Mid_circuit_measure,Information,Back_to_quantum,"",""
2783,37-syndrome.avif,13a,Mid_circuit_measure,Information,Back_to_quantum,"",""
2784,53-pennylane-non-clifford.png,13a,Mid_circuit_measure,Information,Back_to_quantum,"",""
2785,50-pennylane-3q-concept.png,13a,Mid_circuit_measure,Information,Back_to_quantum,"",""
2786,29-qiskit-long-range.avif,13a,Mid_circuit_measure,Information,Back_to_quantum,"",""
2787,48-pennylane-3-qubit-stabilize.png,13a,Mid_circuit_measure,Information,Back_to_quantum,"",""
2788,61-pennylane-tele.png,13a,Mid_circuit_measure,Information,Back_to_quantum,"",""
2789,62-pennylane-tele-2.png,13a,Mid_circuit_measure,Information,Back_to_quantum,"",""
2790,114-nature-ruiz-3.png,13a,Mid_circuit_measure,Information,Back_to_quantum,"",""
2791,158-nature-ahmed-2b.png,13a,Mid_circuit_measure,Information,Back_to_quantum,"",""
2792,179-nature-gupta-1d.png,13a,Mid_circuit_measure,Information,Back_to_quantum,"",""
2793,26-qiskit-bell-pairs.avif,13a,Mid_circuit_measure,Information,Back_to_quantum,"",""
2794,17-cartoons-2.png,13a,Mid_circuit_measure,Information,Back_to_quantum,"",""
2795,64-pennylane-bp.png,13a,Mid_circuit_measure,Information,Back_to_quantum,"",""
2796,130-nature-hoch-1b.png,13a,Mid_circuit_measure,Information,Back_to_quantum,"",""
2797,116-nature-ruiz-2.png,13a,Mid_circuit_measure,Information,Back_to_quantum,"",""
2798,63-pennylane-loom.png,13a,Mid_circuit_measure,Information,Back_to_quantum,"",""
2799,07-line-wrapped.jpg,19b,Management,Space_management,Pagination,"",""
2800,25-qiskit-grover.avif,19b,Management,Space_management,Pagination,"",""
2801,37-syndrome.avif,19b,Management,Space_management,Pagination,"",""
2802,173-nature-brock-2b.png,19b,Management,Space_management,Pagination,"",""
2803,153-nature-hu-1.png,18b,Narrative,Annotation,Program_depth,"",""
2804,172-nature-kim-3.png,18b,Narrative,Annotation,Program_depth,"",""
2805,35-vanderberg-pea.avif,18b,Narrative,Annotation,Program_depth,"",""
2806,85-cirq-ignore.png,18b,Narrative,Annotation,Program_others,Gate_treatment,""
2807,86-cirq-in-and-in.png,18b,Narrative,Annotation,Program_others,Gate_treatment,""
2808,75-cirq-repeat.png,18b,Narrative,Annotation,Program_loop,"",""
2809,119-nature-akpinar-1-3.png,18b,Narrative,Annotation,Program_loop,"",""
2810,123-nature-zhang-3b.png,18b,Narrative,Annotation,Program_loop,"",""
2811,135-nature-google-2a.png,18b,Narrative,Annotation,Program_loop,"",""
2812,162-nature-dong-1.png,18b,Narrative,Annotation,Program_loop,"",""
2813,180-nature-lacroix-1ab.png,18b,Narrative,Annotation,Program_loop,"",""
2814,184-vanderberg-pea-2.png,18b,Narrative,Annotation,Program_loop,"",""
2815,83-ciq-transformer.png,18b,Narrative,Annotation,Program_others,Gate_treatment,""
2816,112-nature-ruiz-1.png,18d,Narrative,Attachment,Classical_processing_optimization,"",""
2817,113-nature-ruiz-2.png,18d,Narrative,Attachment,Classical_processing_optimization,"",""
2818,75-cirq-repeat.png,18b,Narrative,Annotation,Program_others,Physical_mapping,""
2819,86-cirq-in-and-in.png,18b,Narrative,Annotation,Program_others,Physical_mapping,""
2820,88-cirq-routing-compare.png,18b,Narrative,Annotation,Program_others,Physical_mapping,""
2821,57-pennylane-catalyst-3.svg,02b,Composition_and_Progression,Progression,Zoom_lens,"",""
2822,70-ftqc-3.png,02b,Composition_and_Progression,Progression,Zoom_lens,"",""
2823,125-nature-than-6.png,02b,Composition_and_Progression,Progression,Zoom_lens,"",""
2824,135-nature-google-2a.png,02b,Composition_and_Progression,Progression,Zoom_lens,"",""
2826,14-cartoons.png,02b,Composition_and_Progression,Progression,Symbols,"",""
2827,58-pennylane-catalyst-4.svg,02b,Composition_and_Progression,Progression,Symbols,"",""
2828,113-nature-ruiz-2.png,02b,Composition_and_Progression,Progression,Symbols,"",""
2829,114-nature-ruiz-3.png,02b,Composition_and_Progression,Progression,Symbols,"",""
2830,170-pecorari-2c2.png,02b,Composition_and_Progression,Progression,Symbols,"",""
2831,187-cirq-lat-gau-e2.png,02b,Composition_and_Progression,Progression,Symbols,"",""
2832,172-nature-kim-3.png,02b,Composition_and_Progression,Progression,Zoom_lens,"",""
2833,67-pennylane-qml-3.png,02b,Composition_and_Progression,Progression,Symbols,"",""
2834,117-nature-yan-2b.png,02b,Composition_and_Progression,Progression,Symbols,Others,""
2835,14-cartoons.png,02b,Composition_and_Progression,Progression,Symbols,"",""
2836,29-qiskit-long-range.avif,02b,Composition_and_Progression,Progression,Symbols,"",""
2837,43-qiskit-ising.avif,02b,Composition_and_Progression,Progression,Symbols,"",""
2838,39-pennylane-tensor.png,02b,Composition_and_Progression,Progression,Symbols,"",""
2839,53-pennylane-non-clifford.png,02b,Composition_and_Progression,Progression,Symbols,"",""
2840,54-pennylane-non-clifford-2.png,02b,Composition_and_Progression,Progression,Symbols,"",""
2841,56-pennylane-catalyst-2.svg,02b,Composition_and_Progression,Progression,Symbols,"",""
2842,110-nature-main-2a.png,02b,Composition_and_Progression,Progression,Symbols,"",""
2843,111-nature-main-3a.png,02b,Composition_and_Progression,Progression,Symbols,"",""
2844,116-nature-ruiz-2.png,02b,Composition_and_Progression,Progression,Symbols,"",""
2845,150-nature-bavaresco-1.png,02b,Composition_and_Progression,Progression,Symbols,"",""
2846,151-nature-bavaresco-2.png,02b,Composition_and_Progression,Progression,Symbols,"",""
2847,151-nature-bavaresco-2.png,02b,Composition_and_Progression,Progression,Symbols,"",""
2849,41-pennylane-mps-ani.gif,01a,Purpose_and_Abstraction,Illustration,High,"",""
2850,51-pennylane-hidden-cut.png,01a,Purpose_and_Abstraction,Illustration,High,"",""
2851,73-cirq-append.png,01a,Purpose_and_Abstraction,Illustration,High,"",""
2852,109-nature-main-1c.png,01a,Purpose_and_Abstraction,Illustration,High,"",""
2853,118-nature-yan-4b.png,01a,Purpose_and_Abstraction,Illustration,High,"",""
2854,131-nature-hothem-1a.png,01a,Purpose_and_Abstraction,Illustration,High,"",""
2855,149-nature-turkeshi-1.png,01a,Purpose_and_Abstraction,Illustration,High,"",""
2856,19-qiskit-qaoa.svg,01a,Purpose_and_Abstraction,Illustration,High,"",""
2857,00-basic-with-hl.jpg,01a,Purpose_and_Abstraction,Presentation,Low,"",""
2858,01-basic-with-anno.jpg,01a,Purpose_and_Abstraction,Presentation,Low,"",""
2859,02-aggregate-ellipsis.png,01a,Purpose_and_Abstraction,Presentation,Low,"",""
2860,04-sectioning-anno.png,01a,Purpose_and_Abstraction,Presentation,Low,"",""
2861,08-3d-pauli.jpg,01a,Purpose_and_Abstraction,Presentation,Low,"",""
2862,09-3d-large.jpg,01a,Purpose_and_Abstraction,Presentation,Low,"",""
2863,11-3d-pictures.png,01a,Purpose_and_Abstraction,Presentation,Low,"",""
2864,12-3d-qubit-line-hl.jpg,01a,Purpose_and_Abstraction,Presentation,Low,"",""
2865,13-3d-vertical.jpg,01a,Purpose_and_Abstraction,Presentation,Low,"",""
2866,15-3d-horizontal.jpg,01a,Purpose_and_Abstraction,Presentation,Low,"",""
2867,17-cartoons-2.png,01a,Purpose_and_Abstraction,Presentation,Low,"",""
2868,18-on-machine-a.avif,01a,Purpose_and_Abstraction,Presentation,Low,"",""
2869,20-qiskit-pauli-corr.avif,01a,Purpose_and_Abstraction,Presentation,Low,"",""
2870,22-qiskit-hadamard-test.avif,01a,Purpose_and_Abstraction,Presentation,Low,"",""
2871,28-qiskit-ghz-star-toplogy.avif,01a,Purpose_and_Abstraction,Presentation,Low,"",""
2872,29-qiskit-long-range.avif,01a,Purpose_and_Abstraction,Presentation,Low,"",""
2873,43-qiskit-ising.avif,01a,Purpose_and_Abstraction,Presentation,Low,"",""
2874,31-qiskit-cut-unfriendly.avif,01a,Purpose_and_Abstraction,Presentation,Low,"",""
2875,33-li-benjamin.avif,01a,Purpose_and_Abstraction,Presentation,Low,"",""
2876,34-kandala-connection.avif,01a,Purpose_and_Abstraction,Presentation,Low,"",""
2877,35-vanderberg-pea.avif,01a,Purpose_and_Abstraction,Presentation,Low,"",""
2878,38-qiskit-mpl-view-comb.avif,01a,Purpose_and_Abstraction,Presentation,Low,"",""
2879,39-pennylane-tensor.png,01a,Purpose_and_Abstraction,Presentation,Low,"",""
2880,40-pennylane-mdr.png,01a,Purpose_and_Abstraction,Presentation,Low,"",""
2881,45-pennylane-qpe.png,01a,Purpose_and_Abstraction,Presentation,Low,"",""
2882,46-pennylane-select-swap.jpeg,01a,Purpose_and_Abstraction,Presentation,Low,"",""
2883,47-pennylane-three-qubit.png,01a,Purpose_and_Abstraction,Presentation,Low,"",""
2884,48-pennylane-3-qubit-stabilize.png,01a,Purpose_and_Abstraction,Presentation,Low,"",""
2885,49-pennylane-3-qubit-full.png,01a,Purpose_and_Abstraction,Presentation,Low,"",""
2886,50-pennylane-3q-concept.png,01a,Purpose_and_Abstraction,Presentation,Low,"",""
2887,53-pennylane-non-clifford.png,01a,Purpose_and_Abstraction,Presentation,Low,"",""
2888,54-pennylane-non-clifford-2.png,01a,Purpose_and_Abstraction,Presentation,Low,"",""
2889,55-pennylane-catalyst.svg,01a,Purpose_and_Abstraction,Presentation,Low,"",""
2890,56-pennylane-catalyst-2.svg,01a,Purpose_and_Abstraction,Presentation,Low,"",""
2891,57-pennylane-catalyst-3.svg,01a,Purpose_and_Abstraction,Presentation,Low,"",""
2892,58-pennylane-catalyst-4.svg,01a,Purpose_and_Abstraction,Presentation,Low,"",""
2893,59-pennylane-catalyst-5.svg,01a,Purpose_and_Abstraction,Presentation,Low,"",""
2894,60-pennylane-catalyst-6.svg,01a,Purpose_and_Abstraction,Presentation,Low,"",""
2895,61-pennylane-tele.png,01a,Purpose_and_Abstraction,Presentation,Low,"",""
2896,62-pennylane-tele-2.png,01a,Purpose_and_Abstraction,Presentation,Low,"",""
2897,63-pennylane-loom.png,01a,Purpose_and_Abstraction,Presentation,Low,"",""
2898,65-pennylane-qml.png,01a,Purpose_and_Abstraction,Presentation,Low,"",""
2899,66-pennylane-qml-2.png,01a,Purpose_and_Abstraction,Presentation,Low,"",""
2900,67-pennylane-qml-3.png,01a,Purpose_and_Abstraction,Presentation,Low,"",""
2901,68-ftqc-1.png,01a,Purpose_and_Abstraction,Presentation,Low,"",""
2902,69-ftqc-2.png,01a,Purpose_and_Abstraction,Presentation,Low,"",""
2903,70-ftqc-3.png,01a,Purpose_and_Abstraction,Presentation,Low,"",""
2904,91-cirq-pascal.png,01a,Purpose_and_Abstraction,Presentation,Low,"",""
2905,95-cirq-tele-2.png,01a,Purpose_and_Abstraction,Presentation,Low,"",""
2906,99-cirq-qaoa.png,01a,Purpose_and_Abstraction,Presentation,Low,"",""
2907,102-cirq-toric.png,01a,Purpose_and_Abstraction,Presentation,Low,"",""
2908,105-cirq-lat-gau-1.png,01a,Purpose_and_Abstraction,Presentation,Low,"",""
2909,106-cirq-lat-gau-2.png,01a,Purpose_and_Abstraction,Presentation,Low,"",""
2910,107-cirq-lat-gau-3.png,01a,Purpose_and_Abstraction,Presentation,Low,"",""
2911,108-cirq-lat-gau-4.png,01a,Purpose_and_Abstraction,Presentation,Low,"",""
2912,110-nature-main-2a.png,01a,Purpose_and_Abstraction,Presentation,Low,"",""
2913,111-nature-main-3a.png,01a,Purpose_and_Abstraction,Presentation,Low,"",""
2914,112-nature-ruiz-1.png,01a,Purpose_and_Abstraction,Presentation,Low,"",""
2915,113-nature-ruiz-2.png,01a,Purpose_and_Abstraction,Presentation,Low,"",""
2916,114-nature-ruiz-3.png,01a,Purpose_and_Abstraction,Presentation,Low,"",""
2917,115-nature-ruiz-1.png,01a,Purpose_and_Abstraction,Presentation,Low,"",""
2918,116-nature-ruiz-2.png,01a,Purpose_and_Abstraction,Presentation,Low,"",""
2919,117-nature-yan-2b.png,01a,Purpose_and_Abstraction,Presentation,Low,Others,""
2920,119-nature-akpinar-1-3.png,01a,Purpose_and_Abstraction,Presentation,Low,"",""
2921,120-nature-akpinar-4.png,01a,Purpose_and_Abstraction,Presentation,Low,"",""
2922,121-nature-gao-3-3.png,01a,Purpose_and_Abstraction,Presentation,Low,"",""
2923,122-nature-zhang-3a.png,01a,Purpose_and_Abstraction,Presentation,Low,"",""
2924,123-nature-zhang-3b.png,01a,Purpose_and_Abstraction,Presentation,Low,"",""
2925,124-nature-than-1c.png,01a,Purpose_and_Abstraction,Presentation,Low,"",""
2926,125-nature-than-6.png,01a,Purpose_and_Abstraction,Presentation,Low,"",""
2927,126-nature-butt-3a.png,01a,Purpose_and_Abstraction,Presentation,Low,"",""
2928,127-nature-zhu-1.png,01a,Purpose_and_Abstraction,Presentation,Low,"",""
2929,128-nature-mihalikova-3.png,01a,Purpose_and_Abstraction,Presentation,Low,"",""
2930,129-nature-mihalikova-5.png,01a,Purpose_and_Abstraction,Presentation,Low,"",""
2931,130-nature-hoch-1b.png,01a,Purpose_and_Abstraction,Presentation,Low,"",""
2932,133-nature-hillmann-1.png,01a,Purpose_and_Abstraction,Presentation,Low,"",""
2933,134-nature-hillmann-2.png,01a,Purpose_and_Abstraction,Presentation,Low,"",""
2934,132-nature-hothem-3.png,01a,Purpose_and_Abstraction,Presentation,Low,"",""
2935,135-nature-google-2a.png,01a,Purpose_and_Abstraction,Presentation,Low,"",""
2936,136-nature-google-2b.png,01a,Purpose_and_Abstraction,Presentation,Low,"",""
2937,137-nature-cai-2c.png,01a,Purpose_and_Abstraction,Presentation,Low,"",""
2938,138-nature-aljaedi-5.png,01a,Purpose_and_Abstraction,Presentation,Low,"",""
2939,139-nature-wing-bocanegra-5.png,01a,Purpose_and_Abstraction,Presentation,Low,"",""
2940,140-nature-wing-bocanegra-8.png,01a,Purpose_and_Abstraction,Presentation,Low,"",""
2941,141-nature-rajput-4.png,01a,Purpose_and_Abstraction,Presentation,Low,"",""
2942,144-nature-ringbauer-1c.png,01a,Purpose_and_Abstraction,Presentation,Low,"",""
2943,145-nature-ringbauer-1b.png,01a,Purpose_and_Abstraction,Presentation,Low,"",""
2944,146-nature-ringbauer-6.png,01a,Purpose_and_Abstraction,Presentation,Low,"",""
2945,147-nature-feng-1.png,01a,Purpose_and_Abstraction,Presentation,Low,"",""
2946,150-nature-bavaresco-1.png,01a,Purpose_and_Abstraction,Presentation,Low,"",""
2947,151-nature-bavaresco-2.png,01a,Purpose_and_Abstraction,Presentation,Low,"",""
2948,152-nature-kang-3.png,01a,Purpose_and_Abstraction,Presentation,Low,"",""
2949,153-nature-hu-1.png,01a,Purpose_and_Abstraction,Presentation,Low,"",""
2950,154-nature-mourya-4.png,01a,Purpose_and_Abstraction,Presentation,Low,"",""
2951,155-nature-du-6.png,01a,Purpose_and_Abstraction,Presentation,Low,"",""
2952,157-nature-zhang-2.png,01a,Purpose_and_Abstraction,Presentation,Low,"",""
2953,156-nature-zhang-4.png,01a,Purpose_and_Abstraction,Presentation,Low,"",""
2954,159-nature-ahmed-3.png,01a,Purpose_and_Abstraction,Presentation,Low,"",""
2955,158-nature-ahmed-2b.png,01a,Purpose_and_Abstraction,Presentation,Low,"",""
2956,160-nature-shen-2b.png,01a,Purpose_and_Abstraction,Presentation,Low,"",""
2957,161-nature-ghisoni-1.png,01a,Purpose_and_Abstraction,Presentation,Low,"",""
2958,162-nature-dong-1.png,01a,Purpose_and_Abstraction,Presentation,Low,"",""
2959,163-nature-long-3a.png,01a,Purpose_and_Abstraction,Presentation,Low,"",""
2960,164-nature-jager-4a.png,01a,Purpose_and_Abstraction,Presentation,Low,"",""
2961,165-nature-xing-6.png,01a,Purpose_and_Abstraction,Presentation,Low,"",""
2962,166-nature-verma-3.png,01a,Purpose_and_Abstraction,Presentation,Low,"",""
2963,167-nature-verma-4.png,01a,Purpose_and_Abstraction,Presentation,Low,"",""
2964,168-nature-pecorari-1a.png,01a,Purpose_and_Abstraction,Presentation,Low,"",""
2965,169-nature-pecorari-2b.png,01a,Purpose_and_Abstraction,Presentation,Low,"",""
2966,171-nature-meth-1d.png,01a,Purpose_and_Abstraction,Presentation,Low,"",""
2967,172-nature-kim-3.png,01a,Purpose_and_Abstraction,Presentation,Low,"",""
2968,173-nature-brock-2b.png,01a,Purpose_and_Abstraction,Presentation,Low,"",""
2969,174-nature-soltaninia-2a.png,01a,Purpose_and_Abstraction,Presentation,Low,"",""
2970,175-nature-kim-1b.png,01a,Purpose_and_Abstraction,Presentation,Low,"",""
2971,176-nature-kim-5.png,01a,Purpose_and_Abstraction,Presentation,Low,"",""
2972,178-nature-li-1c.png,01a,Purpose_and_Abstraction,Presentation,Low,"",""
2973,177-nature-liao-4b.png,01a,Purpose_and_Abstraction,Presentation,Low,"",""
2974,179-nature-gupta-1d.png,01a,Purpose_and_Abstraction,Presentation,Low,"",""
2975,180-nature-lacroix-1ab.png,01a,Purpose_and_Abstraction,Presentation,Low,"",""
2976,181-nature-lacroix-1cd.png,01a,Purpose_and_Abstraction,Presentation,Low,"",""
2977,182-nature-lacroix-3d.png,01a,Purpose_and_Abstraction,Presentation,Low,"",""
2978,183-nature-xie-2.png,01a,Purpose_and_Abstraction,Presentation,Low,"",""
2979,148-nautre-werner-1.png,01a,Purpose_and_Abstraction,Presentation,Low,"",""
2980,170-pecorari-2c2.png,01a,Purpose_and_Abstraction,Presentation,Low,"",""
2981,05-vertical.png,01a,Purpose_and_Abstraction,Presentation,Low,"",""
2982,24-qiskit-shors.svg,01a,Purpose_and_Abstraction,Presentation,Low,"",""
2983,64-pennylane-bp.png,01a,Purpose_and_Abstraction,Presentation,Low,"",""
2984,16-heatmap.jpg,01a,Purpose_and_Abstraction,Presentation,Low,"",""
2985,10-3d-annotations.jpg,01a,Purpose_and_Abstraction,Presentation,Low,"",""
2986,14-cartoons.png,01a,Purpose_and_Abstraction,Presentation,Low,"",""
2987,184-vanderberg-pea-2.png,01a,Purpose_and_Abstraction,Presentation,Low,"",""
2988,187-cirq-lat-gau-e2.png,01a,Purpose_and_Abstraction,Presentation,Low,"",""
2989,06-large-circuot-boxing.png,01a,Purpose_and_Abstraction,Programming,Raw,"",""
2990,07-line-wrapped.jpg,01a,Purpose_and_Abstraction,Programming,Raw,"",""
2991,21-qiskit-qaoa-step1.avif,01a,Purpose_and_Abstraction,Programming,Raw,"",""
2992,25-qiskit-grover.avif,01a,Purpose_and_Abstraction,Programming,Raw,"",""
2993,26-qiskit-bell-pairs.avif,01a,Purpose_and_Abstraction,Programming,Raw,"",""
2994,27-qiskit-fractional.avif,01a,Purpose_and_Abstraction,Programming,Raw,"",""
2995,30-qiskit-plot-circ-lay.avif,01a,Purpose_and_Abstraction,Programming,Raw,"",""
2996,32-qiskit-short-many-qubits.avif,01a,Purpose_and_Abstraction,Programming,Raw,"",""
2997,36-qiskit-bad.avif,01a,Purpose_and_Abstraction,Programming,Raw,"",""
2998,37-syndrome.avif,01a,Purpose_and_Abstraction,Programming,Raw,"",""
2999,44-pennylane-stats.png,01a,Purpose_and_Abstraction,Programming,Raw,"",""
3000,52-pennylane-chebyshev.png,01a,Purpose_and_Abstraction,Programming,Raw,"",""
3001,71-cirq-hello.png,01a,Purpose_and_Abstraction,Programming,Raw,"",""
3002,72-cirq-3qubit.png,01a,Purpose_and_Abstraction,Programming,Raw,"",""
3003,74-cirq-qft.png,01a,Purpose_and_Abstraction,Programming,Raw,"",""
3004,75-cirq-repeat.png,01a,Purpose_and_Abstraction,Programming,Raw,"",""
3005,76-simple-with-vector.png,01a,Purpose_and_Abstraction,Programming,Raw,"",""
3006,77-cirq-measure-names.png,01a,Purpose_and_Abstraction,Programming,Raw,"",""
3007,78-cirq-with-unitary.png,01a,Purpose_and_Abstraction,Programming,Raw,"",""
3008,80-cirq-with-noise.png,01a,Purpose_and_Abstraction,Programming,Raw,"",""
3009,81-cirq-grid.png,01a,Purpose_and_Abstraction,Programming,Raw,"",""
3010,82-cirq-stabilizer.png,01a,Purpose_and_Abstraction,Programming,Raw,"",""
3011,83-ciq-transformer.png,01a,Purpose_and_Abstraction,Programming,Raw,"",""
3012,84-cirq-transformer-custom.png,01a,Purpose_and_Abstraction,Programming,Raw,"",""
3013,85-cirq-ignore.png,01a,Purpose_and_Abstraction,Programming,Raw,"",""
3014,87-cirq-routing.png,01a,Purpose_and_Abstraction,Programming,Raw,"",""
3015,88-cirq-routing-compare.png,01a,Purpose_and_Abstraction,Programming,Raw,"",""
3016,89-cirq-machine-1.png,01a,Purpose_and_Abstraction,Programming,Raw,"",""
3017,90-cirq-machine-2.png,01a,Purpose_and_Abstraction,Programming,Raw,"",""
3018,93-cirq-mocking-2.png,01a,Purpose_and_Abstraction,Programming,Raw,"",""
3019,92-cirq-mocking.png,01a,Purpose_and_Abstraction,Programming,Raw,"",""
3020,94-cirq-tele.png,01a,Purpose_and_Abstraction,Programming,Raw,"",""
3021,96-cirq-shors.png,01a,Purpose_and_Abstraction,Programming,Raw,"",""
3022,97-cirq-vqe.png,01a,Purpose_and_Abstraction,Programming,Raw,"",""
3023,98-cirq-linear.png,01a,Purpose_and_Abstraction,Programming,Raw,"",""
3024,100-cirq-qaoa-mach.png,01a,Purpose_and_Abstraction,Programming,Raw,"",""
3025,101-cirq-chess.png,01a,Purpose_and_Abstraction,Programming,Raw,"",""
3026,104-pennylane-toric.png,01a,Purpose_and_Abstraction,Programming,Raw,"",""
3027,86-cirq-in-and-in.png,01a,Purpose_and_Abstraction,Programming,Raw,"",""
3028,103-cirq-toric-prog.png,01a,Purpose_and_Abstraction,Programming,Raw,"",""
3029,23-qiskit-nishimori.avif,01a,Purpose_and_Abstraction,Programming,Raw,"",""
3030,79-cirq-with-density.png,01a,Purpose_and_Abstraction,Programming,Raw,"",""
3031,186-cirq-fh.png,01a,Purpose_and_Abstraction,Programming,Raw,"",""
3032,114-nature-ruiz-3.png,09e,Bit_lines,Representation_characteristic,Crossing,"",""
3033,160-nature-shen-2b.png,09e,Bit_lines,Representation_characteristic,Crossing,"",""
3034,165-nature-xing-6.png,09e,Bit_lines,Representation_characteristic,Crossing,"",""
3035,171-nature-meth-1d.png,09e,Bit_lines,Representation_characteristic,Crossing,"",""
3036,178-nature-li-1c.png,09e,Bit_lines,Representation_characteristic,Crossing,"",""
3038,182-nature-lacroix-3d.png,09e,Bit_lines,Representation_characteristic,Grouped,"",""
3039,51-pennylane-hidden-cut.png,09e,Bit_lines,Representation_characteristic,Special,"",""
3040,171-nature-meth-1d.png,09e,Bit_lines,Representation_characteristic,Merge_diverge,"",""
3041,166-nature-verma-3.png,09e,Bit_lines,Representation_characteristic,Merge_diverge,"",""
3042,167-nature-verma-4.png,09e,Bit_lines,Representation_characteristic,Merge_diverge,"",""
3043,176-nature-kim-5.png,09e,Bit_lines,Representation_characteristic,Dynamic,"",""
3044,179-nature-gupta-1d.png,09e,Bit_lines,Representation_characteristic,Dynamic,"",""
3045,114-nature-ruiz-3.png,09e,Bit_lines,Representation_characteristic,Dynamic,"",""
3046,13-3d-vertical.jpg,09e,Bit_lines,Representation_characteristic,Hidden,"",""
3047,09-3d-large.jpg,09e,Bit_lines,Representation_characteristic,Hidden,"",""
3048,69-ftqc-2.png,09e,Bit_lines,Representation_characteristic,Hidden,"",""
3049,136-nature-google-2b.png,09e,Bit_lines,Representation_characteristic,Hidden,"",""
3050,175-nature-kim-1b.png,09e,Bit_lines,Representation_characteristic,Hidden,"",""
3051,92-cirq-mocking.png,09e,Bit_lines,Representation_characteristic,Hidden,"",""
3052,134-nature-hillmann-2.png,09e,Bit_lines,Representation_characteristic,Hidden,"",""
3053,133-nature-hillmann-1.png,09e,Bit_lines,Representation_characteristic,Hidden,"",""
3054,104-pennylane-toric.png,09e,Bit_lines,Representation_characteristic,Hidden,"",""
3055,107-cirq-lat-gau-3.png,09e,Bit_lines,Representation_characteristic,Hidden,"",""
3056,145-nature-ringbauer-1b.png,09e,Bit_lines,Representation_characteristic,Hidden,"",""
3057,93-cirq-mocking-2.png,09e,Bit_lines,Representation_characteristic,Hidden,"",""
3058,144-nature-ringbauer-1c.png,09e,Bit_lines,Representation_characteristic,Hidden,"",""
3059,16-heatmap.jpg,09e,Bit_lines,Representation_characteristic,Hidden,"",""
3060,18-on-machine-a.avif,09e,Bit_lines,Representation_characteristic,Hidden,"",""
3061,105-cirq-lat-gau-1.png,09e,Bit_lines,Representation_characteristic,Hidden,"",""
3062,106-cirq-lat-gau-2.png,09e,Bit_lines,Representation_characteristic,Hidden,"",""
3063,08-3d-pauli.jpg,09e,Bit_lines,Representation_characteristic,Hidden,"",""
3064,15-3d-horizontal.jpg,09e,Bit_lines,Representation_characteristic,Hidden,"",""
3065,100-cirq-qaoa-mach.png,09e,Bit_lines,Representation_characteristic,Hidden,"",""
3066,103-cirq-toric-prog.png,09e,Bit_lines,Representation_characteristic,Hidden,"",""
3067,81-cirq-grid.png,09e,Bit_lines,Representation_characteristic,Hidden,"",""
3068,102-cirq-toric.png,09e,Bit_lines,Representation_characteristic,Hidden,"",""
3069,89-cirq-machine-1.png,09e,Bit_lines,Representation_characteristic,Hidden,"",""
3070,108-cirq-lat-gau-4.png,09e,Bit_lines,Representation_characteristic,Hidden,"",""
3071,170-pecorari-2c2.png,09e,Bit_lines,Representation_characteristic,Hidden,"",""
3072,115-nature-ruiz-1.png,09e,Bit_lines,Representation_characteristic,Hidden,"",""
3073,122-nature-zhang-3a.png,09e,Bit_lines,Representation_characteristic,Hidden,"",""
3074,181-nature-lacroix-1cd.png,09e,Bit_lines,Representation_characteristic,Hidden,"",""
3075,10-3d-annotations.jpg,09e,Bit_lines,Representation_characteristic,Hidden,"",""
3076,66-pennylane-qml-2.png,09e,Bit_lines,Representation_characteristic,Hidden,"",""
3077,168-nature-pecorari-1a.png,09e,Bit_lines,Representation_characteristic,Hidden,"",""
3078,23-qiskit-nishimori.avif,09e,Bit_lines,Representation_characteristic,Hidden,"",""
3079,30-qiskit-plot-circ-lay.avif,09e,Bit_lines,Representation_characteristic,Hidden,"",""
3080,90-cirq-machine-2.png,09e,Bit_lines,Representation_characteristic,Hidden,"",""
3081,169-nature-pecorari-2b.png,09e,Bit_lines,Representation_characteristic,Hidden,"",""
3082,186-cirq-fh.png,09e,Bit_lines,Representation_characteristic,Hidden,"",""
3083,187-cirq-lat-gau-e2.png,09e,Bit_lines,Representation_characteristic,Hidden,"",""
3084,11-3d-pictures.png,09e,Bit_lines,Representation_characteristic,Selective,"",""
3085,156-nature-zhang-4.png,09e,Bit_lines,Representation_characteristic,Selective,"",""
3086,182-nature-lacroix-3d.png,09e,Bit_lines,Representation_characteristic,Static,"",""
3087,05-vertical.png,09e,Bit_lines,Representation_characteristic,Static,"",""
3088,29-qiskit-long-range.avif,09e,Bit_lines,Representation_characteristic,Static,"",""
3089,48-pennylane-3-qubit-stabilize.png,09e,Bit_lines,Representation_characteristic,Static,"",""
3090,49-pennylane-3-qubit-full.png,09e,Bit_lines,Representation_characteristic,Static,"",""
3091,70-ftqc-3.png,09e,Bit_lines,Representation_characteristic,Static,"",""
3092,80-cirq-with-noise.png,09e,Bit_lines,Representation_characteristic,Static,"",""
3093,84-cirq-transformer-custom.png,09e,Bit_lines,Representation_characteristic,Static,"",""
3094,98-cirq-linear.png,09e,Bit_lines,Representation_characteristic,Static,"",""
3095,118-nature-yan-4b.png,09e,Bit_lines,Representation_characteristic,Static,"",""
3096,125-nature-than-6.png,09e,Bit_lines,Representation_characteristic,Static,"",""
3097,129-nature-mihalikova-5.png,09e,Bit_lines,Representation_characteristic,Static,"",""
3098,131-nature-hothem-1a.png,09e,Bit_lines,Representation_characteristic,Static,"",""
3099,00-basic-with-hl.jpg,09e,Bit_lines,Representation_characteristic,Static,"",""
3100,02-aggregate-ellipsis.png,09e,Bit_lines,Representation_characteristic,Static,"",""
3101,24-qiskit-shors.svg,09e,Bit_lines,Representation_characteristic,Static,"",""
3102,55-pennylane-catalyst.svg,09e,Bit_lines,Representation_characteristic,Static,"",""
3103,76-simple-with-vector.png,09e,Bit_lines,Representation_characteristic,Static,"",""
3104,87-cirq-routing.png,09e,Bit_lines,Representation_characteristic,Static,"",""
3105,94-cirq-tele.png,09e,Bit_lines,Representation_characteristic,Static,"",""
3106,137-nature-cai-2c.png,09e,Bit_lines,Representation_characteristic,Static,"",""
3107,161-nature-ghisoni-1.png,09e,Bit_lines,Representation_characteristic,Static,"",""
3108,177-nature-liao-4b.png,09e,Bit_lines,Representation_characteristic,Static,"",""
3109,04-sectioning-anno.png,09e,Bit_lines,Representation_characteristic,Static,"",""
3110,26-qiskit-bell-pairs.avif,09e,Bit_lines,Representation_characteristic,Static,"",""
3111,27-qiskit-fractional.avif,09e,Bit_lines,Representation_characteristic,Static,"",""
3112,60-pennylane-catalyst-6.svg,09e,Bit_lines,Representation_characteristic,Static,"",""
3113,75-cirq-repeat.png,09e,Bit_lines,Representation_characteristic,Static,"",""
3114,135-nature-google-2a.png,09e,Bit_lines,Representation_characteristic,Static,"",""
3115,33-li-benjamin.avif,09e,Bit_lines,Representation_characteristic,Static,"",""
3116,46-pennylane-select-swap.jpeg,09e,Bit_lines,Representation_characteristic,Static,"",""
3117,57-pennylane-catalyst-3.svg,09e,Bit_lines,Representation_characteristic,Static,"",""
3118,95-cirq-tele-2.png,09e,Bit_lines,Representation_characteristic,Static,"",""
3119,132-nature-hothem-3.png,09e,Bit_lines,Representation_characteristic,Static,"",""
3120,173-nature-brock-2b.png,09e,Bit_lines,Representation_characteristic,Static,"",""
3121,174-nature-soltaninia-2a.png,09e,Bit_lines,Representation_characteristic,Static,"",""
3122,12-3d-qubit-line-hl.jpg,09e,Bit_lines,Representation_characteristic,Static,"",""
3123,39-pennylane-tensor.png,09e,Bit_lines,Representation_characteristic,Static,"",""
3124,88-cirq-routing-compare.png,09e,Bit_lines,Representation_characteristic,Static,"",""
3125,97-cirq-vqe.png,09e,Bit_lines,Representation_characteristic,Static,"",""
3126,17-cartoons-2.png,09e,Bit_lines,Representation_characteristic,Static,"",""
3127,47-pennylane-three-qubit.png,09e,Bit_lines,Representation_characteristic,Static,"",""
3128,54-pennylane-non-clifford-2.png,09e,Bit_lines,Representation_characteristic,Static,"",""
3129,61-pennylane-tele.png,09e,Bit_lines,Representation_characteristic,Static,"",""
3130,82-cirq-stabilizer.png,09e,Bit_lines,Representation_characteristic,Static,"",""
3131,110-nature-main-2a.png,09e,Bit_lines,Representation_characteristic,Static,"",""
3132,112-nature-ruiz-1.png,09e,Bit_lines,Representation_characteristic,Static,"",""
3133,119-nature-akpinar-1-3.png,09e,Bit_lines,Representation_characteristic,Static,"",""
3134,148-nautre-werner-1.png,09e,Bit_lines,Representation_characteristic,Static,"",""
3135,19-qiskit-qaoa.svg,09e,Bit_lines,Representation_characteristic,Static,"",""
3136,22-qiskit-hadamard-test.avif,09e,Bit_lines,Representation_characteristic,Static,"",""
3137,28-qiskit-ghz-star-toplogy.avif,09e,Bit_lines,Representation_characteristic,Static,"",""
3138,31-qiskit-cut-unfriendly.avif,09e,Bit_lines,Representation_characteristic,Static,"",""
3139,40-pennylane-mdr.png,09e,Bit_lines,Representation_characteristic,Static,"",""
3140,53-pennylane-non-clifford.png,09e,Bit_lines,Representation_characteristic,Static,"",""
3141,64-pennylane-bp.png,09e,Bit_lines,Representation_characteristic,Static,"",""
3142,71-cirq-hello.png,09e,Bit_lines,Representation_characteristic,Static,"",""
3143,78-cirq-with-unitary.png,09e,Bit_lines,Representation_characteristic,Static,"",""
3144,121-nature-gao-3-3.png,09e,Bit_lines,Representation_characteristic,Static,"",""
3145,130-nature-hoch-1b.png,09e,Bit_lines,Representation_characteristic,Static,"",""
3146,140-nature-wing-bocanegra-8.png,09e,Bit_lines,Representation_characteristic,Static,"",""
3147,154-nature-mourya-4.png,09e,Bit_lines,Representation_characteristic,Static,"",""
3148,155-nature-du-6.png,09e,Bit_lines,Representation_characteristic,Static,"",""
3149,159-nature-ahmed-3.png,09e,Bit_lines,Representation_characteristic,Static,"",""
3150,172-nature-kim-3.png,09e,Bit_lines,Representation_characteristic,Static,"",""
3151,35-vanderberg-pea.avif,09e,Bit_lines,Representation_characteristic,Static,"",""
3152,38-qiskit-mpl-view-comb.avif,09e,Bit_lines,Representation_characteristic,Static,"",""
3153,52-pennylane-chebyshev.png,09e,Bit_lines,Representation_characteristic,Static,"",""
3154,74-cirq-qft.png,09e,Bit_lines,Representation_characteristic,Static,"",""
3155,120-nature-akpinar-4.png,09e,Bit_lines,Representation_characteristic,Static,"",""
3156,146-nature-ringbauer-6.png,09e,Bit_lines,Representation_characteristic,Static,"",""
3157,149-nature-turkeshi-1.png,09e,Bit_lines,Representation_characteristic,Static,"",""
3158,153-nature-hu-1.png,09e,Bit_lines,Representation_characteristic,Static,"",""
3159,20-qiskit-pauli-corr.avif,09e,Bit_lines,Representation_characteristic,Static,"",""
3160,41-pennylane-mps-ani.gif,09e,Bit_lines,Representation_characteristic,Static,"",""
3161,67-pennylane-qml-3.png,09e,Bit_lines,Representation_characteristic,Static,"",""
3162,116-nature-ruiz-2.png,09e,Bit_lines,Representation_characteristic,Static,"",""
3163,124-nature-than-1c.png,09e,Bit_lines,Representation_characteristic,Static,"",""
3164,126-nature-butt-3a.png,09e,Bit_lines,Representation_characteristic,Static,"",""
3165,183-nature-xie-2.png,09e,Bit_lines,Representation_characteristic,Static,"",""
3166,37-syndrome.avif,09e,Bit_lines,Representation_characteristic,Static,"",""
3167,59-pennylane-catalyst-5.svg,09e,Bit_lines,Representation_characteristic,Static,"",""
3168,62-pennylane-tele-2.png,09e,Bit_lines,Representation_characteristic,Static,"",""
3169,83-ciq-transformer.png,09e,Bit_lines,Representation_characteristic,Static,"",""
3170,85-cirq-ignore.png,09e,Bit_lines,Representation_characteristic,Static,"",""
3171,96-cirq-shors.png,09e,Bit_lines,Representation_characteristic,Static,"",""
3172,99-cirq-qaoa.png,09e,Bit_lines,Representation_characteristic,Static,"",""
3173,162-nature-dong-1.png,09e,Bit_lines,Representation_characteristic,Static,"",""
3174,86-cirq-in-and-in.png,09e,Bit_lines,Representation_characteristic,Static,"",""
3175,01-basic-with-anno.jpg,09e,Bit_lines,Representation_characteristic,Static,"",""
3176,06-large-circuot-boxing.png,09e,Bit_lines,Representation_characteristic,Static,"",""
3177,07-line-wrapped.jpg,09e,Bit_lines,Representation_characteristic,Static,"",""
3178,21-qiskit-qaoa-step1.avif,09e,Bit_lines,Representation_characteristic,Static,"",""
3179,25-qiskit-grover.avif,09e,Bit_lines,Representation_characteristic,Static,"",""
3180,43-qiskit-ising.avif,09e,Bit_lines,Representation_characteristic,Static,"",""
3181,32-qiskit-short-many-qubits.avif,09e,Bit_lines,Representation_characteristic,Static,"",""
3182,36-qiskit-bad.avif,09e,Bit_lines,Representation_characteristic,Static,"",""
3183,50-pennylane-3q-concept.png,09e,Bit_lines,Representation_characteristic,Static,"",""
3184,63-pennylane-loom.png,09e,Bit_lines,Representation_characteristic,Static,"",""
3185,68-ftqc-1.png,09e,Bit_lines,Representation_characteristic,Static,"",""
3186,101-cirq-chess.png,09e,Bit_lines,Representation_characteristic,Static,"",""
3187,113-nature-ruiz-2.png,09e,Bit_lines,Representation_characteristic,Static,"",""
3188,141-nature-rajput-4.png,09e,Bit_lines,Representation_characteristic,Static,"",""
3189,147-nature-feng-1.png,09e,Bit_lines,Representation_characteristic,Static,"",""
3190,151-nature-bavaresco-2.png,09e,Bit_lines,Representation_characteristic,Static,"",""
3191,157-nature-zhang-2.png,09e,Bit_lines,Representation_characteristic,Static,"",""
3192,164-nature-jager-4a.png,09e,Bit_lines,Representation_characteristic,Static,"",""
3193,45-pennylane-qpe.png,09e,Bit_lines,Representation_characteristic,Static,"",""
3194,72-cirq-3qubit.png,09e,Bit_lines,Representation_characteristic,Static,"",""
3195,127-nature-zhu-1.png,09e,Bit_lines,Representation_characteristic,Static,"",""
3196,65-pennylane-qml.png,09e,Bit_lines,Representation_characteristic,Static,"",""
3197,91-cirq-pascal.png,09e,Bit_lines,Representation_characteristic,Static,"",""
3198,117-nature-yan-2b.png,09e,Bit_lines,Representation_characteristic,Static,Others,""
3199,150-nature-bavaresco-1.png,09e,Bit_lines,Representation_characteristic,Static,"",""
3200,158-nature-ahmed-2b.png,09e,Bit_lines,Representation_characteristic,Static,"",""
3201,73-cirq-append.png,09e,Bit_lines,Representation_characteristic,Static,"",""
3202,77-cirq-measure-names.png,09e,Bit_lines,Representation_characteristic,Static,"",""
3203,109-nature-main-1c.png,09e,Bit_lines,Representation_characteristic,Static,"",""
3204,111-nature-main-3a.png,09e,Bit_lines,Representation_characteristic,Static,"",""
3205,14-cartoons.png,09e,Bit_lines,Representation_characteristic,Static,"",""
3206,56-pennylane-catalyst-2.svg,09e,Bit_lines,Representation_characteristic,Static,"",""
3207,58-pennylane-catalyst-4.svg,09e,Bit_lines,Representation_characteristic,Static,"",""
3208,79-cirq-with-density.png,09e,Bit_lines,Representation_characteristic,Static,"",""
3209,123-nature-zhang-3b.png,09e,Bit_lines,Representation_characteristic,Static,"",""
3210,128-nature-mihalikova-3.png,09e,Bit_lines,Representation_characteristic,Static,"",""
3211,138-nature-aljaedi-5.png,09e,Bit_lines,Representation_characteristic,Static,"",""
3212,139-nature-wing-bocanegra-5.png,09e,Bit_lines,Representation_characteristic,Static,"",""
3213,152-nature-kang-3.png,09e,Bit_lines,Representation_characteristic,Static,"",""
3214,163-nature-long-3a.png,09e,Bit_lines,Representation_characteristic,Static,"",""
3215,180-nature-lacroix-1ab.png,09e,Bit_lines,Representation_characteristic,Static,"",""
3216,184-vanderberg-pea-2.png,09e,Bit_lines,Representation_characteristic,Static,"",""
3217,165-nature-xing-6.png,09e,Bit_lines,Representation_characteristic,Static,"",""
3218,160-nature-shen-2b.png,09e,Bit_lines,Representation_characteristic,Static,"",""
3219,178-nature-li-1c.png,09e,Bit_lines,Representation_characteristic,Static,"",""
3220,70-ftqc-3.png,09a,Qubit,Information,N_Qubits,"",""
3221,131-nature-hothem-1a.png,09a,Qubit,Information,N_Qubits,"",""
3222,155-nature-du-6.png,09a,Qubit,Information,N_Qubits,"",""
3223,171-nature-meth-1d.png,09a,Qubit,Information,N_Qubits,"",""
3224,29-qiskit-long-range.avif,09a,Qubit,Information,N_Qubits,"",""
3225,70-ftqc-3.png,09b,Qubit,Representation,Text,"",""
3226,131-nature-hothem-1a.png,09b,Qubit,Representation,Text,"",""
3227,155-nature-du-6.png,09b,Qubit,Representation,Text,"",""
3228,171-nature-meth-1d.png,09b,Qubit,Representation,Text,"",""
3229,29-qiskit-long-range.avif,09b,Qubit,Representation,Text,"",""
3230,69-ftqc-2.png,09b,Qubit,Representation,Glyph,"",""
3231,105-cirq-lat-gau-1.png,09b,Qubit,Representation,Glyph,"",""
3232,108-cirq-lat-gau-4.png,09b,Qubit,Representation,Glyph,"",""
3233,124-nature-than-1c.png,09b,Qubit,Representation,Glyph,"",""
3234,160-nature-shen-2b.png,09b,Qubit,Representation,Glyph,"",""
3235,164-nature-jager-4a.png,09b,Qubit,Representation,Glyph,"",""
3236,187-cirq-lat-gau-e2.png,09b,Qubit,Representation,Glyph,"",""
3237,89-cirq-machine-1.png,09b,Qubit,Representation,Cell,"",""
3238,16-heatmap.jpg,09b,Qubit,Representation,Cell,"",""
3239,106-cirq-lat-gau-2.png,09b,Qubit,Representation,Cell,"",""
3240,107-cirq-lat-gau-3.png,09b,Qubit,Representation,Cell,"",""
3241,108-cirq-lat-gau-4.png,09b,Qubit,Representation,Cell,"",""
3242,136-nature-google-2b.png,09b,Qubit,Representation,Cell,"",""
3243,187-cirq-lat-gau-e2.png,09b,Qubit,Representation,Cell,"",""
3244,41-pennylane-mps-ani.gif,09b,Qubit,Representation,Icon,"",""
3245,104-pennylane-toric.png,09b,Qubit,Representation,Icon,"",""
3246,109-nature-main-1c.png,09b,Qubit,Representation,Icon,"",""
3247,149-nature-turkeshi-1.png,09b,Qubit,Representation,Icon,"",""
3248,180-nature-lacroix-1ab.png,09b,Qubit,Representation,Icon,"",""
3249,130-nature-hoch-1b.png,09b,Qubit,Representation,Icon,"",""
3253,04-sectioning-anno.png,09a,Qubit,Information,Index,"",""
3254,00-basic-with-hl.jpg,09a,Qubit,Information,Index,"",""
3255,06-large-circuot-boxing.png,09a,Qubit,Information,Index,"",""
3256,18-on-machine-a.avif,09a,Qubit,Information,Index,"",""
3257,21-qiskit-qaoa-step1.avif,09a,Qubit,Information,Index,"",""
3258,23-qiskit-nishimori.avif,09a,Qubit,Information,Index,"",""
3259,26-qiskit-bell-pairs.avif,09a,Qubit,Information,Index,"",""
3260,28-qiskit-ghz-star-toplogy.avif,09a,Qubit,Information,Index,"",""
3261,30-qiskit-plot-circ-lay.avif,09a,Qubit,Information,Index,"",""
3262,32-qiskit-short-many-qubits.avif,09a,Qubit,Information,Index,"",""
3263,35-vanderberg-pea.avif,09a,Qubit,Information,Index,"",""
3264,38-qiskit-mpl-view-comb.avif,09a,Qubit,Information,Index,"",""
3265,37-syndrome.avif,09a,Qubit,Information,Index,"",""
3266,45-pennylane-qpe.png,09a,Qubit,Information,Index,"",""
3267,52-pennylane-chebyshev.png,09a,Qubit,Information,Index,"",""
3268,34-kandala-connection.avif,09a,Qubit,Information,Index,"",""
3269,66-pennylane-qml-2.png,09a,Qubit,Information,Index,"",""
3270,71-cirq-hello.png,09a,Qubit,Information,Index,"",""
3271,72-cirq-3qubit.png,09a,Qubit,Information,Index,"",""
3272,75-cirq-repeat.png,09a,Qubit,Information,Index,"",""
3273,74-cirq-qft.png,09a,Qubit,Information,Index,"",""
3274,77-cirq-measure-names.png,09a,Qubit,Information,Index,"",""
3275,78-cirq-with-unitary.png,09a,Qubit,Information,Index,"",""
3276,79-cirq-with-density.png,09a,Qubit,Information,Index,"",""
3277,81-cirq-grid.png,09a,Qubit,Information,Index,"",""
3278,83-ciq-transformer.png,09a,Qubit,Information,Index,"",""
3279,86-cirq-in-and-in.png,09a,Qubit,Information,Index,"",""
3280,87-cirq-routing.png,09a,Qubit,Information,Index,"",""
3281,88-cirq-routing-compare.png,09a,Qubit,Information,Index,"",""
3282,92-cirq-mocking.png,09a,Qubit,Information,Index,"",""
3283,97-cirq-vqe.png,09a,Qubit,Information,Index,"",""
3284,96-cirq-shors.png,09a,Qubit,Information,Index,"",""
3285,98-cirq-linear.png,09a,Qubit,Information,Index,"",""
3286,101-cirq-chess.png,09a,Qubit,Information,Index,"",""
3287,121-nature-gao-3-3.png,09a,Qubit,Information,Index,"",""
3288,126-nature-butt-3a.png,09a,Qubit,Information,Index,"",""
3289,127-nature-zhu-1.png,09a,Qubit,Information,Index,"",""
3290,129-nature-mihalikova-5.png,09a,Qubit,Information,Index,"",""
3291,137-nature-cai-2c.png,09a,Qubit,Information,Index,"",""
3292,145-nature-ringbauer-1b.png,09a,Qubit,Information,Index,"",""
3293,146-nature-ringbauer-6.png,09a,Qubit,Information,Index,"",""
3294,166-nature-verma-3.png,09a,Qubit,Information,Index,"",""
3295,148-nautre-werner-1.png,09a,Qubit,Information,Index,"",""
3296,171-nature-meth-1d.png,09a,Qubit,Information,Index,"",""
3297,172-nature-kim-3.png,09a,Qubit,Information,Index,"",""
3298,176-nature-kim-5.png,09a,Qubit,Information,Index,"",""
3299,27-qiskit-fractional.avif,09a,Qubit,Information,Index,"",""
3300,184-vanderberg-pea-2.png,09a,Qubit,Information,Index,"",""
3301,65-pennylane-qml.png,09a,Qubit,Information,Index,"",""
3302,67-pennylane-qml-3.png,09a,Qubit,Information,Index,"",""
3303,186-cirq-fh.png,09a,Qubit,Information,Index,"",""
3304,70-ftqc-3.png,09a,Qubit,Information,Index,"",""
3305,04-sectioning-anno.png,09b,Qubit,Representation,Text,"",""
3306,00-basic-with-hl.jpg,09b,Qubit,Representation,Text,"",""
3307,06-large-circuot-boxing.png,09b,Qubit,Representation,Text,"",""
3308,18-on-machine-a.avif,09b,Qubit,Representation,Text,"",""
3309,21-qiskit-qaoa-step1.avif,09b,Qubit,Representation,Text,"",""
3310,23-qiskit-nishimori.avif,09b,Qubit,Representation,Text,"",""
3311,26-qiskit-bell-pairs.avif,09b,Qubit,Representation,Text,"",""
3312,28-qiskit-ghz-star-toplogy.avif,09b,Qubit,Representation,Text,"",""
3313,30-qiskit-plot-circ-lay.avif,09b,Qubit,Representation,Text,"",""
3314,32-qiskit-short-many-qubits.avif,09b,Qubit,Representation,Text,"",""
3315,35-vanderberg-pea.avif,09b,Qubit,Representation,Text,"",""
3316,38-qiskit-mpl-view-comb.avif,09b,Qubit,Representation,Text,"",""
3317,37-syndrome.avif,09b,Qubit,Representation,Text,"",""
3318,45-pennylane-qpe.png,09b,Qubit,Representation,Text,"",""
3319,52-pennylane-chebyshev.png,09b,Qubit,Representation,Text,"",""
3320,34-kandala-connection.avif,09b,Qubit,Representation,Text,"",""
3321,66-pennylane-qml-2.png,09b,Qubit,Representation,Text,"",""
3322,71-cirq-hello.png,09b,Qubit,Representation,Text,"",""
3323,72-cirq-3qubit.png,09b,Qubit,Representation,Text,"",""
3324,75-cirq-repeat.png,09b,Qubit,Representation,Text,"",""
3325,74-cirq-qft.png,09b,Qubit,Representation,Text,"",""
3326,77-cirq-measure-names.png,09b,Qubit,Representation,Text,"",""
3327,78-cirq-with-unitary.png,09b,Qubit,Representation,Text,"",""
3328,79-cirq-with-density.png,09b,Qubit,Representation,Text,"",""
3329,81-cirq-grid.png,09b,Qubit,Representation,Text,"",""
3330,83-ciq-transformer.png,09b,Qubit,Representation,Text,"",""
3331,86-cirq-in-and-in.png,09b,Qubit,Representation,Text,"",""
3332,87-cirq-routing.png,09b,Qubit,Representation,Text,"",""
3333,88-cirq-routing-compare.png,09b,Qubit,Representation,Text,"",""
3334,92-cirq-mocking.png,09b,Qubit,Representation,Text,"",""
3335,97-cirq-vqe.png,09b,Qubit,Representation,Text,"",""
3336,96-cirq-shors.png,09b,Qubit,Representation,Text,"",""
3337,98-cirq-linear.png,09b,Qubit,Representation,Text,"",""
3338,101-cirq-chess.png,09b,Qubit,Representation,Text,"",""
3339,121-nature-gao-3-3.png,09b,Qubit,Representation,Text,"",""
3340,126-nature-butt-3a.png,09b,Qubit,Representation,Text,"",""
3341,127-nature-zhu-1.png,09b,Qubit,Representation,Text,"",""
3342,129-nature-mihalikova-5.png,09b,Qubit,Representation,Text,"",""
3343,137-nature-cai-2c.png,09b,Qubit,Representation,Text,"",""
3344,145-nature-ringbauer-1b.png,09b,Qubit,Representation,Text,"",""
3345,146-nature-ringbauer-6.png,09b,Qubit,Representation,Text,"",""
3346,166-nature-verma-3.png,09b,Qubit,Representation,Text,"",""
3347,148-nautre-werner-1.png,09b,Qubit,Representation,Text,"",""
3348,171-nature-meth-1d.png,09b,Qubit,Representation,Text,"",""
3349,172-nature-kim-3.png,09b,Qubit,Representation,Text,"",""
3350,176-nature-kim-5.png,09b,Qubit,Representation,Text,"",""
3351,27-qiskit-fractional.avif,09b,Qubit,Representation,Text,"",""
3352,184-vanderberg-pea-2.png,09b,Qubit,Representation,Text,"",""
3353,65-pennylane-qml.png,09b,Qubit,Representation,Text,"",""
3354,67-pennylane-qml-3.png,09b,Qubit,Representation,Text,"",""
3355,186-cirq-fh.png,09b,Qubit,Representation,Text,"",""
3356,70-ftqc-3.png,09b,Qubit,Representation,Text,"",""
3357,07-line-wrapped.jpg,09a,Qubit,Information,Logical_physical_mapping,"",""
3358,25-qiskit-grover.avif,09a,Qubit,Information,Logical_physical_mapping,"",""
3359,88-cirq-routing-compare.png,09a,Qubit,Information,Logical_physical_mapping,"",""
3360,07-line-wrapped.jpg,09b,Qubit,Representation,Text,"",""
3361,25-qiskit-grover.avif,09b,Qubit,Representation,Text,"",""
3362,88-cirq-routing-compare.png,09b,Qubit,Representation,Text,"",""
3363,02-aggregate-ellipsis.png,09a,Qubit,Information,State,"",""
3364,01-basic-with-anno.jpg,09a,Qubit,Information,State,"",""
3365,22-qiskit-hadamard-test.avif,09a,Qubit,Information,State,"",""
3366,46-pennylane-select-swap.jpeg,09a,Qubit,Information,State,"",""
3367,51-pennylane-hidden-cut.png,09a,Qubit,Information,State,"",""
3368,55-pennylane-catalyst.svg,09a,Qubit,Information,State,"",""
3369,56-pennylane-catalyst-2.svg,09a,Qubit,Information,State,"",""
3370,57-pennylane-catalyst-3.svg,09a,Qubit,Information,State,"",""
3371,61-pennylane-tele.png,09a,Qubit,Information,State,"",""
3372,173-nature-brock-2b.png,09a,Qubit,Information,State,"",""
3373,174-nature-soltaninia-2a.png,09a,Qubit,Information,State,"",""
3374,24-qiskit-shors.svg,09a,Qubit,Information,State,"",""
3375,64-pennylane-bp.png,09a,Qubit,Information,State,"",""
3376,59-pennylane-catalyst-5.svg,09a,Qubit,Information,State,"",""
3377,50-pennylane-3q-concept.png,09a,Qubit,Information,State,"",""
3378,58-pennylane-catalyst-4.svg,09a,Qubit,Information,State,"",""
3379,60-pennylane-catalyst-6.svg,09a,Qubit,Information,State,"",""
3380,62-pennylane-tele-2.png,09a,Qubit,Information,State,"",""
3412,43-qiskit-ising.avif,09b,Qubit,Representation,Bit_line,"",""
3413,47-pennylane-three-qubit.png,09a,Qubit,Information,State,"",""
3414,04-sectioning-anno.png,09a,Qubit,Information,State,"",""
3415,48-pennylane-3-qubit-stabilize.png,09a,Qubit,Information,State,"",""
3416,61-pennylane-tele.png,09a,Qubit,Information,State,"",""
3417,65-pennylane-qml.png,09a,Qubit,Information,State,"",""
3418,67-pennylane-qml-3.png,09a,Qubit,Information,State,"",""
3419,95-cirq-tele-2.png,09a,Qubit,Information,State,"",""
3420,114-nature-ruiz-3.png,09a,Qubit,Information,State,"",""
3421,116-nature-ruiz-2.png,09a,Qubit,Information,State,"",""
3422,118-nature-yan-4b.png,09a,Qubit,Information,State,"",""
3423,119-nature-akpinar-1-3.png,09a,Qubit,Information,State,"",""
3424,120-nature-akpinar-4.png,09a,Qubit,Information,State,"",""
3425,123-nature-zhang-3b.png,09a,Qubit,Information,State,"",""
3426,126-nature-butt-3a.png,09a,Qubit,Information,State,"",""
3427,128-nature-mihalikova-3.png,09a,Qubit,Information,State,"",""
3428,129-nature-mihalikova-5.png,09a,Qubit,Information,State,"",""
3429,138-nature-aljaedi-5.png,09a,Qubit,Information,State,"",""
3430,140-nature-wing-bocanegra-8.png,09a,Qubit,Information,State,"",""
3431,147-nature-feng-1.png,09a,Qubit,Information,State,"",""
3432,152-nature-kang-3.png,09a,Qubit,Information,State,"",""
3433,154-nature-mourya-4.png,09a,Qubit,Information,State,"",""
3434,155-nature-du-6.png,09a,Qubit,Information,State,"",""
3435,156-nature-zhang-4.png,09a,Qubit,Information,State,"",""
3436,157-nature-zhang-2.png,09a,Qubit,Information,State,"",""
3437,158-nature-ahmed-2b.png,09a,Qubit,Information,State,"",""
3438,161-nature-ghisoni-1.png,09a,Qubit,Information,State,"",""
3439,165-nature-xing-6.png,09a,Qubit,Information,State,"",""
3440,172-nature-kim-3.png,09a,Qubit,Information,State,"",""
3441,173-nature-brock-2b.png,09a,Qubit,Information,State,"",""
3442,176-nature-kim-5.png,09a,Qubit,Information,State,"",""
3443,179-nature-gupta-1d.png,09a,Qubit,Information,State,"",""
3444,29-qiskit-long-range.avif,09a,Qubit,Information,State,"",""
3445,49-pennylane-3-qubit-full.png,09a,Qubit,Information,State,"",""
3446,60-pennylane-catalyst-6.svg,09a,Qubit,Information,State,"",""
3447,135-nature-google-2a.png,09a,Qubit,Information,State,"",""
3448,17-cartoons-2.png,09a,Qubit,Information,State,"",""
3449,54-pennylane-non-clifford-2.png,09a,Qubit,Information,State,"",""
3450,40-pennylane-mdr.png,09a,Qubit,Information,State,"",""
3451,20-qiskit-pauli-corr.avif,09a,Qubit,Information,State,"",""
3452,62-pennylane-tele-2.png,09a,Qubit,Information,State,"",""
3453,43-qiskit-ising.avif,09a,Qubit,Information,State,"",""
3454,63-pennylane-loom.png,09a,Qubit,Information,State,"",""
3455,141-nature-rajput-4.png,09a,Qubit,Information,State,"",""
3456,127-nature-zhu-1.png,09a,Qubit,Information,State,"",""
3457,91-cirq-pascal.png,09a,Qubit,Information,State,"",""
3458,139-nature-wing-bocanegra-5.png,09a,Qubit,Information,State,"",""
3459,59-pennylane-catalyst-5.svg,09a,Qubit,Information,State,"",""
3460,58-pennylane-catalyst-4.svg,09a,Qubit,Information,State,"",""
3461,56-pennylane-catalyst-2.svg,09a,Qubit,Information,State,"",""
3462,173-nature-brock-2b.png,09b,Qubit,Representation,Icon,"",""
3463,05-vertical.png,09a,Qubit,Information,Name,"",""
3464,76-simple-with-vector.png,09a,Qubit,Information,Name,"",""
3465,82-cirq-stabilizer.png,09a,Qubit,Information,Name,"",""
3466,84-cirq-transformer-custom.png,09a,Qubit,Information,Name,"",""
3467,85-cirq-ignore.png,09a,Qubit,Information,Name,"",""
3468,94-cirq-tele.png,09a,Qubit,Information,Name,"",""
3469,110-nature-main-2a.png,09a,Qubit,Information,Name,"",""
3470,111-nature-main-3a.png,09a,Qubit,Information,Name,"",""
3471,116-nature-ruiz-2.png,09a,Qubit,Information,Name,"",""
3472,165-nature-xing-6.png,09a,Qubit,Information,Name,"",""
3473,176-nature-kim-5.png,09a,Qubit,Information,Name,"",""
3474,173-nature-brock-2b.png,09c,State,Representation,Bloch_sphere,"",""
3475,132-nature-hothem-3.png,09d,State,Representation_characteristic,Changes_over_moments,"",""
3476,173-nature-brock-2b.png,09d,State,Representation_characteristic,Changes_over_moments,"",""
3477,174-nature-soltaninia-2a.png,09d,State,Representation_characteristic,Changes_over_moments,"",""
3478,66-pennylane-qml-2.png,09c,State,Representation,Color,"",""
3479,132-nature-hothem-3.png,09c,State,Representation,Theory_notation,"",""
3480,58-pennylane-catalyst-4.svg,09c,State,Representation,Theory_notation,"",""
3481,59-pennylane-catalyst-5.svg,09c,State,Representation,Theory_notation,"",""
3482,24-qiskit-shors.svg,09c,State,Representation,Theory_notation,"",""
3483,47-pennylane-three-qubit.png,09c,State,Representation,Theory_notation,"",""
3484,01-basic-with-anno.jpg,09c,State,Representation,Theory_notation,"",""
3485,46-pennylane-select-swap.jpeg,09c,State,Representation,Theory_notation,"",""
3486,49-pennylane-3-qubit-full.png,09c,State,Representation,Theory_notation,"",""
3487,51-pennylane-hidden-cut.png,09c,State,Representation,Theory_notation,"",""
3488,56-pennylane-catalyst-2.svg,09c,State,Representation,Theory_notation,"",""
3489,57-pennylane-catalyst-3.svg,09c,State,Representation,Theory_notation,"",""
3490,61-pennylane-tele.png,09c,State,Representation,Theory_notation,"",""
3491,62-pennylane-tele-2.png,09c,State,Representation,Theory_notation,"",""
3492,64-pennylane-bp.png,09c,State,Representation,Theory_notation,"",""
3493,124-nature-than-1c.png,09c,State,Representation,Theory_notation,"",""
3494,130-nature-hoch-1b.png,09c,State,Representation,Theory_notation,"",""
3495,174-nature-soltaninia-2a.png,09c,State,Representation,Theory_notation,"",""
3496,39-pennylane-tensor.png,09c,State,Representation,Theory_notation,"",""
3497,50-pennylane-3q-concept.png,09c,State,Representation,Theory_notation,"",""
3498,55-pennylane-catalyst.svg,09c,State,Representation,Theory_notation,"",""
3499,60-pennylane-catalyst-6.svg,09c,State,Representation,Theory_notation,"",""
3500,147-nature-feng-1.png,09c,State,Representation,Theory_notation,"",""
3501,173-nature-brock-2b.png,09c,State,Representation,Theory_notation,"",""
3502,22-qiskit-hadamard-test.avif,09c,State,Representation,Theory_notation,"",""
3503,02-aggregate-ellipsis.png,09c,State,Representation,Theory_notation,"",""
3504,24-qiskit-shors.svg,09c,State,Representation,Theory_notation,"",""
3505,51-pennylane-hidden-cut.png,09c,State,Representation,Theory_notation,"",""
3506,55-pennylane-catalyst.svg,09c,State,Representation,Theory_notation,"",""
3507,17-cartoons-2.png,09c,State,Representation,Theory_notation,"",""
3508,56-pennylane-catalyst-2.svg,09c,State,Representation,Theory_notation,"",""
3509,56-pennylane-catalyst-2.svg,09c,State,Representation,Theory_notation,"",""
3510,57-pennylane-catalyst-3.svg,09c,State,Representation,Theory_notation,"",""
3511,59-pennylane-catalyst-5.svg,09c,State,Representation,Theory_notation,"",""
3512,60-pennylane-catalyst-6.svg,09c,State,Representation,Theory_notation,"",""
3513,63-pennylane-loom.png,09c,State,Representation,Theory_notation,"",""
3514,115-nature-ruiz-1.png,09c,State,Representation,Theory_notation,"",""
3515,174-nature-soltaninia-2a.png,09c,State,Representation,Theory_notation,"",""
3516,58-pennylane-catalyst-4.svg,09c,State,Representation,Theory_notation,"",""
3517,168-nature-pecorari-1a.png,09c,State,Representation,Theory_notation,"",""
3518,127-nature-zhu-1.png,09c,State,Representation,Theory_notation,"",""
3519,47-pennylane-three-qubit.png,09c,State,Representation,Theory_notation,"",""
3520,29-qiskit-long-range.avif,09c,State,Representation,Theory_notation,"",""
3521,48-pennylane-3-qubit-stabilize.png,09c,State,Representation,Theory_notation,"",""
3522,49-pennylane-3-qubit-full.png,09c,State,Representation,Theory_notation,"",""
3523,53-pennylane-non-clifford.png,09c,State,Representation,Theory_notation,"",""
3524,54-pennylane-non-clifford-2.png,09c,State,Representation,Theory_notation,"",""
3525,59-pennylane-catalyst-5.svg,09c,State,Representation,Theory_notation,"",""
3526,61-pennylane-tele.png,09c,State,Representation,Theory_notation,"",""
3527,62-pennylane-tele-2.png,09c,State,Representation,Theory_notation,"",""
3528,95-cirq-tele-2.png,09c,State,Representation,Theory_notation,"",""
3529,119-nature-akpinar-1-3.png,09c,State,Representation,Theory_notation,"",""
3530,135-nature-google-2a.png,09c,State,Representation,Theory_notation,"",""
3531,138-nature-aljaedi-5.png,09c,State,Representation,Theory_notation,"",""
3532,145-nature-ringbauer-1b.png,09c,State,Representation,Theory_notation,"",""
3533,155-nature-du-6.png,09c,State,Representation,Theory_notation,"",""
3534,156-nature-zhang-4.png,09c,State,Representation,Theory_notation,"",""
3535,157-nature-zhang-2.png,09c,State,Representation,Theory_notation,"",""
3536,58-pennylane-catalyst-4.svg,09c,State,Representation,Theory_notation,"",""
3537,165-nature-xing-6.png,09c,State,Representation,Theory_notation,"",""
3538,29-qiskit-long-range.avif,09c,State,Representation,Theory_notation,"",""
3539,47-pennylane-three-qubit.png,09c,State,Representation,Theory_notation,"",""
3540,22-qiskit-hadamard-test.avif,09c,State,Representation,Theory_notation,"",""
3541,14-cartoons.png,09c,State,Representation,Theory_notation,"",""
3542,04-sectioning-anno.png,09c,State,Representation,Theory_notation,"",""
3543,20-qiskit-pauli-corr.avif,09c,State,Representation,Theory_notation,"",""
3544,43-qiskit-ising.avif,09c,State,Representation,Theory_notation,"",""
3545,40-pennylane-mdr.png,09c,State,Representation,Theory_notation,"",""
3546,48-pennylane-3-qubit-stabilize.png,09c,State,Representation,Theory_notation,"",""
3547,49-pennylane-3-qubit-full.png,09c,State,Representation,Theory_notation,"",""
3548,54-pennylane-non-clifford-2.png,09c,State,Representation,Theory_notation,"",""
3549,56-pennylane-catalyst-2.svg,09c,State,Representation,Theory_notation,"",""
3550,59-pennylane-catalyst-5.svg,09c,State,Representation,Theory_notation,"",""
3551,60-pennylane-catalyst-6.svg,09c,State,Representation,Theory_notation,"",""
3552,63-pennylane-loom.png,09c,State,Representation,Theory_notation,"",""
3553,67-pennylane-qml-3.png,09c,State,Representation,Theory_notation,"",""
3554,91-cirq-pascal.png,09c,State,Representation,Theory_notation,"",""
3555,114-nature-ruiz-3.png,09c,State,Representation,Theory_notation,"",""
3556,116-nature-ruiz-2.png,09c,State,Representation,Theory_notation,"",""
3557,118-nature-yan-4b.png,09c,State,Representation,Theory_notation,"",""
3558,120-nature-akpinar-4.png,09c,State,Representation,Theory_notation,"",""
3559,123-nature-zhang-3b.png,09c,State,Representation,Theory_notation,"",""
3560,126-nature-butt-3a.png,09c,State,Representation,Theory_notation,"",""
3561,127-nature-zhu-1.png,09c,State,Representation,Theory_notation,"",""
3562,128-nature-mihalikova-3.png,09c,State,Representation,Theory_notation,"",""
3563,129-nature-mihalikova-5.png,09c,State,Representation,Theory_notation,"",""
3564,135-nature-google-2a.png,09c,State,Representation,Theory_notation,"",""
3565,138-nature-aljaedi-5.png,09c,State,Representation,Theory_notation,"",""
3566,139-nature-wing-bocanegra-5.png,09c,State,Representation,Theory_notation,"",""
3567,140-nature-wing-bocanegra-8.png,09c,State,Representation,Theory_notation,"",""
3568,141-nature-rajput-4.png,09c,State,Representation,Theory_notation,"",""
3569,145-nature-ringbauer-1b.png,09c,State,Representation,Theory_notation,"",""
3570,147-nature-feng-1.png,09c,State,Representation,Theory_notation,"",""
3571,152-nature-kang-3.png,09c,State,Representation,Theory_notation,"",""
3572,154-nature-mourya-4.png,09c,State,Representation,Theory_notation,"",""
3573,158-nature-ahmed-2b.png,09c,State,Representation,Theory_notation,"",""
3574,161-nature-ghisoni-1.png,09c,State,Representation,Theory_notation,"",""
3575,171-nature-meth-1d.png,09c,State,Representation,Theory_notation,"",""
3576,176-nature-kim-5.png,09c,State,Representation,Theory_notation,"",""
3577,179-nature-gupta-1d.png,09c,State,Representation,Theory_notation,"",""
3578,172-nature-kim-3.png,09c,State,Representation,Theory_notation,"",""
3579,165-nature-xing-6.png,09c,State,Representation,Theory_notation,"",""
3580,65-pennylane-qml.png,09c,State,Representation,Theory_notation,"",""
3581,58-pennylane-catalyst-4.svg,09c,State,Representation,Theory_notation,"",""
3582,168-nature-pecorari-1a.png,09c,State,Representation,Theory_notation,"",""
3583,173-nature-brock-2b.png,09c,State,Representation,Theory_notation,"",""
3584,152-nature-kang-3.png,09c,State,Representation,Theory_notation,"",""
3585,79-cirq-with-density.png,18d,Narrative,Attachment,Expected_results,Density,""
3586,183-nature-xie-2.png,18d,Narrative,Attachment,Expected_results,Expected_values,""
3587,163-nature-long-3a.png,18d,Narrative,Attachment,Problem_topic,QML,""
3588,158-nature-ahmed-2b.png,18d,Narrative,Attachment,Problem_topic,QML,""
3589,71-cirq-hello.png,18d,Narrative,Attachment,Expected_results,Outcome,""
3590,96-cirq-shors.png,18d,Narrative,Attachment,Expected_results,Outcome,""
3591,101-cirq-chess.png,18d,Narrative,Attachment,Expected_results,Outcome,""
3592,130-nature-hoch-1b.png,18d,Narrative,Attachment,Expected_results,Outcome,""
3593,124-nature-than-1c.png,18d,Narrative,Attachment,Expected_results,Probability,""
3594,140-nature-wing-bocanegra-8.png,18d,Narrative,Attachment,Expected_results,Probability,""
3595,148-nautre-werner-1.png,18d,Narrative,Attachment,Expected_results,Probability,""
3596,154-nature-mourya-4.png,18d,Narrative,Attachment,Expected_results,Probability,""
3597,76-simple-with-vector.png,18d,Narrative,Attachment,Expected_results,State,""
3598,127-nature-zhu-1.png,18d,Narrative,Attachment,Expected_results,State,""
3599,162-nature-dong-1.png,18d,Narrative,Attachment,Expected_results,State,""
3600,63-pennylane-loom.png,18d,Narrative,Attachment,Expected_results,State,""
3601,14-cartoons.png,18d,Narrative,Attachment,Expected_results,State,""
3602,31-qiskit-cut-unfriendly.avif,15a,Selection,Unit,Circuit,"",""
3603,149-nature-turkeshi-1.png,15a,Selection,Unit,Circuit,"",""
3604,10-3d-annotations.jpg,15a,Selection,Unit,Circuit,"",""
3605,04-sectioning-anno.png,15a,Selection,Unit,Moment,"",""
3606,06-large-circuot-boxing.png,15a,Selection,Unit,Moment,"",""
3607,17-cartoons-2.png,15a,Selection,Unit,Moment,"",""
3608,19-qiskit-qaoa.svg,15a,Selection,Unit,Moment,"",""
3609,33-li-benjamin.avif,15a,Selection,Unit,Moment,"",""
3610,35-vanderberg-pea.avif,15a,Selection,Unit,Moment,"",""
3611,39-pennylane-tensor.png,15a,Selection,Unit,Moment,"",""
3612,40-pennylane-mdr.png,15a,Selection,Unit,Moment,"",""
3613,65-pennylane-qml.png,15a,Selection,Unit,Moment,"",""
3614,80-cirq-with-noise.png,15a,Selection,Unit,Moment,"",""
3615,83-ciq-transformer.png,15a,Selection,Unit,Moment,"",""
3616,87-cirq-routing.png,15a,Selection,Unit,Moment,"",""
3617,88-cirq-routing-compare.png,15a,Selection,Unit,Moment,"",""
3618,97-cirq-vqe.png,15a,Selection,Unit,Moment,"",""
3619,98-cirq-linear.png,15a,Selection,Unit,Moment,"",""
3620,99-cirq-qaoa.png,15a,Selection,Unit,Moment,"",""
3621,101-cirq-chess.png,15a,Selection,Unit,Moment,"",""
3622,113-nature-ruiz-2.png,15a,Selection,Unit,Moment,"",""
3623,114-nature-ruiz-3.png,15a,Selection,Unit,Moment,"",""
3624,119-nature-akpinar-1-3.png,15a,Selection,Unit,Moment,"",""
3625,121-nature-gao-3-3.png,15a,Selection,Unit,Moment,"",""
3626,123-nature-zhang-3b.png,15a,Selection,Unit,Moment,"",""
3627,124-nature-than-1c.png,15a,Selection,Unit,Moment,"",""
3628,126-nature-butt-3a.png,15a,Selection,Unit,Moment,"",""
3629,131-nature-hothem-1a.png,15a,Selection,Unit,Moment,"",""
3630,132-nature-hothem-3.png,15a,Selection,Unit,Moment,"",""
3631,135-nature-google-2a.png,15a,Selection,Unit,Moment,"",""
3632,138-nature-aljaedi-5.png,15a,Selection,Unit,Moment,"",""
3633,139-nature-wing-bocanegra-5.png,15a,Selection,Unit,Moment,"",""
3634,167-nature-verma-4.png,15a,Selection,Unit,Moment,"",""
3635,152-nature-kang-3.png,15a,Selection,Unit,Moment,"",""
3636,154-nature-mourya-4.png,15a,Selection,Unit,Moment,"",""
3637,159-nature-ahmed-3.png,15a,Selection,Unit,Moment,"",""
3638,160-nature-shen-2b.png,15a,Selection,Unit,Moment,"",""
3639,161-nature-ghisoni-1.png,15a,Selection,Unit,Moment,"",""
3640,162-nature-dong-1.png,15a,Selection,Unit,Moment,"",""
3641,163-nature-long-3a.png,15a,Selection,Unit,Moment,"",""
3642,164-nature-jager-4a.png,15a,Selection,Unit,Moment,"",""
3643,172-nature-kim-3.png,15a,Selection,Unit,Moment,"",""
3644,180-nature-lacroix-1ab.png,15a,Selection,Unit,Moment,"",""
3645,182-nature-lacroix-3d.png,15a,Selection,Unit,Moment,"",""
3646,183-nature-xie-2.png,15a,Selection,Unit,Moment,"",""
3647,153-nature-hu-1.png,15a,Selection,Unit,Moment,"",""
3648,20-qiskit-pauli-corr.avif,15a,Selection,Unit,Moment,"",""
3649,14-cartoons.png,15a,Selection,Unit,Moment,"",""
3650,184-vanderberg-pea-2.png,15a,Selection,Unit,Moment,"",""
3651,128-nature-mihalikova-3.png,15a,Selection,Unit,Moment,"",""
3652,17-cartoons-2.png,15c,Selection,Characteristic,Nested,"",""
3653,35-vanderberg-pea.avif,15c,Selection,Characteristic,Nested,"",""
3654,74-cirq-qft.png,15c,Selection,Characteristic,Nested,"",""
3655,75-cirq-repeat.png,15c,Selection,Characteristic,Nested,"",""
3656,83-ciq-transformer.png,15c,Selection,Characteristic,Nested,"",""
3657,126-nature-butt-3a.png,15c,Selection,Characteristic,Nested,"",""
3658,132-nature-hothem-3.png,15c,Selection,Characteristic,Nested,"",""
3659,154-nature-mourya-4.png,15c,Selection,Characteristic,Nested,"",""
3660,172-nature-kim-3.png,15c,Selection,Characteristic,Nested,"",""
3661,183-nature-xie-2.png,15c,Selection,Characteristic,Nested,"",""
3662,184-vanderberg-pea-2.png,15c,Selection,Characteristic,Nested,"",""
3663,161-nature-ghisoni-1.png,15c,Selection,Characteristic,Nested,"",""
3664,46-pennylane-select-swap.jpeg,15a,Selection,Unit,Gate,"",""
3665,74-cirq-qft.png,15a,Selection,Unit,Gate,"",""
3666,75-cirq-repeat.png,15a,Selection,Unit,Gate,"",""
3667,84-cirq-transformer-custom.png,15a,Selection,Unit,Gate,"",""
3668,85-cirq-ignore.png,15a,Selection,Unit,Gate,"",""
3669,91-cirq-pascal.png,15a,Selection,Unit,Gate,"",""
3670,158-nature-ahmed-2b.png,15a,Selection,Unit,Gate,"",""
3671,174-nature-soltaninia-2a.png,15a,Selection,Unit,Gate,"",""
3672,176-nature-kim-5.png,15a,Selection,Unit,Gate,"",""
3673,68-ftqc-1.png,15a,Selection,Unit,Gate,"",""
3674,184-vanderberg-pea-2.png,15a,Selection,Unit,Gate,"",""
3675,61-pennylane-tele.png,15a,Selection,Unit,Gate,"",""
3676,126-nature-butt-3a.png,15a,Selection,Unit,Gate,"",""
3677,128-nature-mihalikova-3.png,15a,Selection,Unit,Quantum_classical,"",""
3678,163-nature-long-3a.png,15a,Selection,Unit,Quantum_classical,"",""
3679,161-nature-ghisoni-1.png,15a,Selection,Unit,Quantum_classical,"",""
3680,00-basic-with-hl.jpg,15a,Selection,Unit,Qubit,"",""
3681,17-cartoons-2.png,15a,Selection,Unit,Qubit,"",""
3682,24-qiskit-shors.svg,15a,Selection,Unit,Qubit,"",""
3683,37-syndrome.avif,15a,Selection,Unit,Qubit,"",""
3684,46-pennylane-select-swap.jpeg,15a,Selection,Unit,Qubit,"",""
3685,49-pennylane-3-qubit-full.png,15a,Selection,Unit,Qubit,"",""
3686,50-pennylane-3q-concept.png,15a,Selection,Unit,Qubit,"",""
3687,55-pennylane-catalyst.svg,15a,Selection,Unit,Qubit,"",""
3688,57-pennylane-catalyst-3.svg,15a,Selection,Unit,Qubit,"",""
3689,58-pennylane-catalyst-4.svg,15a,Selection,Unit,Qubit,"",""
3690,59-pennylane-catalyst-5.svg,15a,Selection,Unit,Qubit,"",""
3691,60-pennylane-catalyst-6.svg,15a,Selection,Unit,Qubit,"",""
3692,62-pennylane-tele-2.png,15a,Selection,Unit,Qubit,"",""
3693,63-pennylane-loom.png,15a,Selection,Unit,Qubit,"",""
3694,109-nature-main-1c.png,15a,Selection,Unit,Qubit,"",""
3695,110-nature-main-2a.png,15a,Selection,Unit,Qubit,"",""
3696,111-nature-main-3a.png,15a,Selection,Unit,Qubit,"",""
3697,115-nature-ruiz-1.png,15a,Selection,Unit,Qubit,"",""
3698,122-nature-zhang-3a.png,15a,Selection,Unit,Qubit,"",""
3699,124-nature-than-1c.png,15a,Selection,Unit,Qubit,"",""
3700,125-nature-than-6.png,15a,Selection,Unit,Qubit,"",""
3701,136-nature-google-2b.png,15a,Selection,Unit,Qubit,"",""
3702,139-nature-wing-bocanegra-5.png,15a,Selection,Unit,Qubit,"",""
3703,145-nature-ringbauer-1b.png,15a,Selection,Unit,Qubit,"",""
3704,164-nature-jager-4a.png,15a,Selection,Unit,Qubit,"",""
3705,165-nature-xing-6.png,15a,Selection,Unit,Qubit,"",""
3706,168-nature-pecorari-1a.png,15a,Selection,Unit,Qubit,"",""
3707,171-nature-meth-1d.png,15a,Selection,Unit,Qubit,"",""
3708,176-nature-kim-5.png,15a,Selection,Unit,Qubit,"",""
3709,178-nature-li-1c.png,15a,Selection,Unit,Qubit,"",""
3710,182-nature-lacroix-3d.png,15a,Selection,Unit,Qubit,"",""
3711,11-3d-pictures.png,15a,Selection,Unit,Qubit,"",""
3712,92-cirq-mocking.png,15a,Selection,Unit,Qubit,"",""
3713,61-pennylane-tele.png,15a,Selection,Unit,Qubit,"",""
3714,148-nautre-werner-1.png,15a,Selection,Unit,Qubit,"",""
3715,170-pecorari-2c2.png,15a,Selection,Unit,Qubit,"",""
3716,33-li-benjamin.avif,15a,Selection,Unit,Qubit,"",""
3717,187-cirq-lat-gau-e2.png,15a,Selection,Unit,Qubit,"",""
3718,180-nature-lacroix-1ab.png,15a,Selection,Unit,Qubit,"",""
3719,118-nature-yan-4b.png,15a,Selection,Unit,N_qubit_connectivity,"",""
3720,114-nature-ruiz-3.png,15a,Selection,Unit,View,"",""
3721,95-cirq-tele-2.png,19b,Management,Space_management,Filter_out,Dash,""
3722,02-aggregate-ellipsis.png,19b,Management,Space_management,Filter_out,Ellipsis,""
3723,11-3d-pictures.png,19b,Management,Space_management,Filter_out,Ellipsis,""
3724,14-cartoons.png,19b,Management,Space_management,Filter_out,Ellipsis,""
3725,17-cartoons-2.png,19b,Management,Space_management,Filter_out,Ellipsis,""
3726,19-qiskit-qaoa.svg,19b,Management,Space_management,Filter_out,Ellipsis,""
3727,20-qiskit-pauli-corr.avif,19b,Management,Space_management,Filter_out,Ellipsis,""
3728,24-qiskit-shors.svg,19b,Management,Space_management,Filter_out,Ellipsis,""
3729,29-qiskit-long-range.avif,19b,Management,Space_management,Filter_out,Ellipsis,""
3730,35-vanderberg-pea.avif,19b,Management,Space_management,Filter_out,Ellipsis,""
3731,40-pennylane-mdr.png,19b,Management,Space_management,Filter_out,Ellipsis,""
3732,50-pennylane-3q-concept.png,19b,Management,Space_management,Filter_out,Ellipsis,""
3733,55-pennylane-catalyst.svg,19b,Management,Space_management,Filter_out,Ellipsis,""
3734,56-pennylane-catalyst-2.svg,19b,Management,Space_management,Filter_out,Ellipsis,""
3735,57-pennylane-catalyst-3.svg,19b,Management,Space_management,Filter_out,Ellipsis,""
3736,58-pennylane-catalyst-4.svg,19b,Management,Space_management,Filter_out,Ellipsis,""
3737,59-pennylane-catalyst-5.svg,19b,Management,Space_management,Filter_out,Ellipsis,""
3738,60-pennylane-catalyst-6.svg,19b,Management,Space_management,Filter_out,Ellipsis,""
3739,65-pennylane-qml.png,19b,Management,Space_management,Filter_out,Ellipsis,""
3740,70-ftqc-3.png,19b,Management,Space_management,Filter_out,Ellipsis,""
3741,109-nature-main-1c.png,19b,Management,Space_management,Filter_out,Ellipsis,""
3742,112-nature-ruiz-1.png,19b,Management,Space_management,Filter_out,Ellipsis,""
3743,117-nature-yan-2b.png,19b,Management,Space_management,Filter_out,Others,""
3744,118-nature-yan-4b.png,19b,Management,Space_management,Filter_out,Ellipsis,""
3745,123-nature-zhang-3b.png,19b,Management,Space_management,Filter_out,Ellipsis,""
3746,124-nature-than-1c.png,19b,Management,Space_management,Filter_out,Ellipsis,""
3747,129-nature-mihalikova-5.png,19b,Management,Space_management,Filter_out,Ellipsis,""
3748,130-nature-hoch-1b.png,19b,Management,Space_management,Filter_out,Ellipsis,""
3749,135-nature-google-2a.png,19b,Management,Space_management,Filter_out,Ellipsis,""
3750,139-nature-wing-bocanegra-5.png,19b,Management,Space_management,Filter_out,Ellipsis,""
3751,147-nature-feng-1.png,19b,Management,Space_management,Filter_out,Ellipsis,""
3752,151-nature-bavaresco-2.png,19b,Management,Space_management,Filter_out,Ellipsis,""
3753,154-nature-mourya-4.png,19b,Management,Space_management,Filter_out,Ellipsis,""
3754,155-nature-du-6.png,19b,Management,Space_management,Filter_out,Ellipsis,""
3755,160-nature-shen-2b.png,19b,Management,Space_management,Filter_out,Ellipsis,""
3756,163-nature-long-3a.png,19b,Management,Space_management,Filter_out,Ellipsis,""
3757,165-nature-xing-6.png,19b,Management,Space_management,Filter_out,Ellipsis,""
3758,168-nature-pecorari-1a.png,19b,Management,Space_management,Filter_out,Ellipsis,""
3759,172-nature-kim-3.png,19b,Management,Space_management,Filter_out,Ellipsis,""
3760,174-nature-soltaninia-2a.png,19b,Management,Space_management,Filter_out,Ellipsis,""
3761,178-nature-li-1c.png,19b,Management,Space_management,Filter_out,Ellipsis,""
3762,179-nature-gupta-1d.png,19b,Management,Space_management,Filter_out,Ellipsis,""
3763,95-cirq-tele-2.png,19b,Management,Space_management,Filter_out,Ellipsis,""
3764,112-nature-ruiz-1.png,19b,Management,Space_management,Filter_out,Erase,""
3765,122-nature-zhang-3a.png,19b,Management,Space_management,Filter_out,Erase,""
3766,11-3d-pictures.png,19b,Management,Space_management,Filter_out,Erase,""
3767,68-ftqc-1.png,19b,Management,Space_management,Filter_out,Fase,""
3768,180-nature-lacroix-1ab.png,19b,Management,Space_management,Filter_out,Fase,""
3769,22-qiskit-hadamard-test.avif,19b,Management,Space_management,Overlapping,"",""
3770,51-pennylane-hidden-cut.png,19b,Management,Space_management,Overlapping,"",""
3771,69-ftqc-2.png,19b,Management,Space_management,Overlapping,"",""
3772,182-nature-lacroix-3d.png,19b,Management,Space_management,Spacing,"",""
3773,02-aggregate-ellipsis.png,19b,Management,Space_management,Slash_line,"",""
3774,00-basic-with-hl.jpg,19b,Management,Space_management,Slash_line,"",""
3775,07-line-wrapped.jpg,19b,Management,Space_management,Slash_line,"",""
3776,06-large-circuot-boxing.png,19b,Management,Space_management,Slash_line,"",""
3777,25-qiskit-grover.avif,19b,Management,Space_management,Slash_line,"",""
3778,27-qiskit-fractional.avif,19b,Management,Space_management,Slash_line,"",""
3779,36-qiskit-bad.avif,19b,Management,Space_management,Slash_line,"",""
3780,37-syndrome.avif,19b,Management,Space_management,Slash_line,"",""
3781,45-pennylane-qpe.png,19b,Management,Space_management,Slash_line,"",""
3782,64-pennylane-bp.png,19b,Management,Space_management,Slash_line,"",""
3783,155-nature-du-6.png,19b,Management,Space_management,Slash_line,"",""
3784,165-nature-xing-6.png,19b,Management,Space_management,Slash_line,"",""
3785,183-nature-xie-2.png,19b,Management,Space_management,Slash_line,"",""
3786,26-qiskit-bell-pairs.avif,19b,Management,Space_management,Slash_line,"",""
3787,05-vertical.png,19b,Management,Space_management,Point_to_target_qubit,"",""
3788,65-pennylane-qml.png,19b,Management,Space_management,Point_to_target_qubit,"",""
3789,184-vanderberg-pea-2.png,19b,Management,Space_management,Filter_out,Tilde,""
3790,170-pecorari-2c2.png,15b,Selection,Method,Spacing,"",""
3791,46-pennylane-select-swap.jpeg,15b,Selection,Method,Spacing,"",""
3792,10-3d-annotations.jpg,18d,Narrative,Attachment,Summary_statistics,"",""
3793,44-pennylane-stats.png,18d,Narrative,Attachment,Summary_statistics,"",""
3794,76-simple-with-vector.png,18d,Narrative,Attachment,Summary_statistics,"",""
3795,137-nature-cai-2c.png,18d,Narrative,Attachment,Summary_statistics,"",""
3796,45-pennylane-qpe.png,18a,Narrative,Title,Indexing,"",""
3797,134-nature-hillmann-2.png,18a,Narrative,Title,Indexing,"",""
3798,155-nature-du-6.png,18a,Narrative,Title,Indexing,"",""
3799,175-nature-kim-1b.png,18a,Narrative,Title,Indexing,"",""
3800,181-nature-lacroix-1cd.png,18a,Narrative,Title,Indexing,"",""
3801,70-ftqc-3.png,18a,Narrative,Title,Indexing,"",""
3803,73-cirq-append.png,18a,Narrative,Title,Sub_view,"",""
3804,105-cirq-lat-gau-1.png,18a,Narrative,Title,Sub_view,"",""
3805,106-cirq-lat-gau-2.png,18a,Narrative,Title,Sub_view,"",""
3806,107-cirq-lat-gau-3.png,18a,Narrative,Title,Sub_view,"",""
3807,108-cirq-lat-gau-4.png,18a,Narrative,Title,Sub_view,"",""
3808,114-nature-ruiz-3.png,18a,Narrative,Title,Sub_view,"",""
3809,136-nature-google-2b.png,18a,Narrative,Title,Sub_view,"",""
3810,28-qiskit-ghz-star-toplogy.avif,18a,Narrative,Title,Main_view,"",""
3811,29-qiskit-long-range.avif,18a,Narrative,Title,Main_view,"",""
3812,33-li-benjamin.avif,18a,Narrative,Title,Main_view,"",""
3813,66-pennylane-qml-2.png,18a,Narrative,Title,Main_view,"",""
3814,69-ftqc-2.png,18a,Narrative,Title,Main_view,"",""
3815,74-cirq-qft.png,18a,Narrative,Title,Main_view,"",""
3816,79-cirq-with-density.png,18a,Narrative,Title,Main_view,"",""
3817,80-cirq-with-noise.png,18a,Narrative,Title,Main_view,"",""
3818,82-cirq-stabilizer.png,18a,Narrative,Title,Main_view,"",""
3819,83-ciq-transformer.png,18a,Narrative,Title,Main_view,"",""
3820,84-cirq-transformer-custom.png,18a,Narrative,Title,Main_view,"",""
3821,86-cirq-in-and-in.png,18a,Narrative,Title,Main_view,"",""
3822,89-cirq-machine-1.png,18a,Narrative,Title,Main_view,"",""
3823,90-cirq-machine-2.png,18a,Narrative,Title,Main_view,"",""
3824,94-cirq-tele.png,18a,Narrative,Title,Main_view,"",""
3825,96-cirq-shors.png,18a,Narrative,Title,Main_view,"",""
3826,101-cirq-chess.png,18a,Narrative,Title,Main_view,"",""
3827,103-cirq-toric-prog.png,18a,Narrative,Title,Main_view,"",""
3828,107-cirq-lat-gau-3.png,18a,Narrative,Title,Main_view,"",""
3829,110-nature-main-2a.png,18a,Narrative,Title,Main_view,"",""
3830,114-nature-ruiz-3.png,18a,Narrative,Title,Main_view,"",""
3831,144-nature-ringbauer-1c.png,18a,Narrative,Title,Main_view,"",""
3832,145-nature-ringbauer-1b.png,18a,Narrative,Title,Main_view,"",""
3833,153-nature-hu-1.png,18a,Narrative,Title,Main_view,"",""
3834,158-nature-ahmed-2b.png,18a,Narrative,Title,Main_view,"",""
3835,159-nature-ahmed-3.png,18a,Narrative,Title,Main_view,"",""
3836,160-nature-shen-2b.png,18a,Narrative,Title,Main_view,"",""
3837,170-pecorari-2c2.png,18a,Narrative,Title,Main_view,"",""
3838,171-nature-meth-1d.png,18a,Narrative,Title,Main_view,"",""
3839,09-3d-large.jpg,18a,Narrative,Title,Main_view,"",""
3840,93-cirq-mocking-2.png,18a,Narrative,Title,Main_view,"",""
3841,16-heatmap.jpg,18a,Narrative,Title,Main_view,"",""
3842,08-3d-pauli.jpg,18a,Narrative,Title,Main_view,"",""
3843,187-cirq-lat-gau-e2.png,18a,Narrative,Title,Main_view,"",""
3844,85-cirq-ignore.png,02a,Composition_and_Progression,View,Circuit_in_circuit,"",""
3845,84-cirq-transformer-custom.png,02a,Composition_and_Progression,View,Circuit_in_circuit,"",""
3846,83-ciq-transformer.png,02a,Composition_and_Progression,View,Circuit_in_circuit,"",""
3847,75-cirq-repeat.png,02a,Composition_and_Progression,View,Circuit_in_circuit,"",""
3848,74-cirq-qft.png,02a,Composition_and_Progression,View,Circuit_in_circuit,"",""
3849,86-cirq-in-and-in.png,02a,Composition_and_Progression,View,Circuit_in_circuit,"",""
3850,14-cartoons.png,02a,Composition_and_Progression,View,Custom,"",""
3851,92-cirq-mocking.png,02a,Composition_and_Progression,View,Facet,"",""
3852,155-nature-du-6.png,02a,Composition_and_Progression,View,Facet,"",""
3853,73-cirq-append.png,02a,Composition_and_Progression,View,Grid,"",""
3854,105-cirq-lat-gau-1.png,02a,Composition_and_Progression,View,Grid,"",""
3855,106-cirq-lat-gau-2.png,02a,Composition_and_Progression,View,Grid,"",""
3856,107-cirq-lat-gau-3.png,02a,Composition_and_Progression,View,Grid,"",""
3857,108-cirq-lat-gau-4.png,02a,Composition_and_Progression,View,Grid,"",""
3858,136-nature-google-2b.png,02a,Composition_and_Progression,View,Grid,"",""
3859,140-nature-wing-bocanegra-8.png,02a,Composition_and_Progression,View,Grid,"",""
3860,28-qiskit-ghz-star-toplogy.avif,02a,Composition_and_Progression,View,H_Concat,"",""
3861,29-qiskit-long-range.avif,02a,Composition_and_Progression,View,H_Concat,"",""
3862,43-qiskit-ising.avif,02a,Composition_and_Progression,View,H_Concat,"",""
3863,38-qiskit-mpl-view-comb.avif,02a,Composition_and_Progression,View,H_Concat,"",""
3864,39-pennylane-tensor.png,02a,Composition_and_Progression,View,H_Concat,"",""
3865,45-pennylane-qpe.png,02a,Composition_and_Progression,View,H_Concat,"",""
3866,46-pennylane-select-swap.jpeg,02a,Composition_and_Progression,View,H_Concat,"",""
3867,53-pennylane-non-clifford.png,02a,Composition_and_Progression,View,H_Concat,"",""
3868,54-pennylane-non-clifford-2.png,02a,Composition_and_Progression,View,H_Concat,"",""
3869,56-pennylane-catalyst-2.svg,02a,Composition_and_Progression,View,H_Concat,"",""
3870,58-pennylane-catalyst-4.svg,02a,Composition_and_Progression,View,H_Concat,"",""
3871,66-pennylane-qml-2.png,02a,Composition_and_Progression,View,H_Concat,"",""
3872,67-pennylane-qml-3.png,02a,Composition_and_Progression,View,H_Concat,"",""
3873,90-cirq-machine-2.png,02a,Composition_and_Progression,View,H_Concat,"",""
3874,110-nature-main-2a.png,02a,Composition_and_Progression,View,H_Concat,"",""
3875,111-nature-main-3a.png,02a,Composition_and_Progression,View,H_Concat,"",""
3876,112-nature-ruiz-1.png,02a,Composition_and_Progression,View,H_Concat,"",""
3877,113-nature-ruiz-2.png,02a,Composition_and_Progression,View,H_Concat,"",""
3878,116-nature-ruiz-2.png,02a,Composition_and_Progression,View,H_Concat,"",""
3879,117-nature-yan-2b.png,02a,Composition_and_Progression,View,H_Concat,Others,""
3880,134-nature-hillmann-2.png,02a,Composition_and_Progression,View,H_Concat,"",""
3881,144-nature-ringbauer-1c.png,02a,Composition_and_Progression,View,H_Concat,"",""
3882,150-nature-bavaresco-1.png,02a,Composition_and_Progression,View,H_Concat,"",""
3883,151-nature-bavaresco-2.png,02a,Composition_and_Progression,View,H_Concat,"",""
3884,168-nature-pecorari-1a.png,02a,Composition_and_Progression,View,H_Concat,"",""
3885,170-pecorari-2c2.png,02a,Composition_and_Progression,View,H_Concat,"",""
3886,175-nature-kim-1b.png,02a,Composition_and_Progression,View,H_Concat,"",""
3887,181-nature-lacroix-1cd.png,02a,Composition_and_Progression,View,H_Concat,"",""
3888,187-cirq-lat-gau-e2.png,02a,Composition_and_Progression,View,H_Concat,"",""
3889,69-ftqc-2.png,02a,Composition_and_Progression,View,Grid,"",""
3890,57-pennylane-catalyst-3.svg,02a,Composition_and_Progression,View,Overlapped,"",""
3891,70-ftqc-3.png,02a,Composition_and_Progression,View,Overlapped,"",""
3892,125-nature-than-6.png,02a,Composition_and_Progression,View,Overlapped,"",""
3893,135-nature-google-2a.png,02a,Composition_and_Progression,View,Overlapped,"",""
3894,172-nature-kim-3.png,02a,Composition_and_Progression,View,Overlapped,"",""
3895,05-vertical.png,02a,Composition_and_Progression,View,Single_view,"",""
3896,09-3d-large.jpg,02a,Composition_and_Progression,View,Single_view,"",""
3897,48-pennylane-3-qubit-stabilize.png,02a,Composition_and_Progression,View,Single_view,"",""
3898,49-pennylane-3-qubit-full.png,02a,Composition_and_Progression,View,Single_view,"",""
3899,98-cirq-linear.png,02a,Composition_and_Progression,View,Single_view,"",""
3900,118-nature-yan-4b.png,02a,Composition_and_Progression,View,Single_view,"",""
3901,129-nature-mihalikova-5.png,02a,Composition_and_Progression,View,Single_view,"",""
3902,131-nature-hothem-1a.png,02a,Composition_and_Progression,View,Single_view,"",""
3903,00-basic-with-hl.jpg,02a,Composition_and_Progression,View,Single_view,"",""
3904,02-aggregate-ellipsis.png,02a,Composition_and_Progression,View,Single_view,"",""
3905,11-3d-pictures.png,02a,Composition_and_Progression,View,Single_view,"",""
3906,24-qiskit-shors.svg,02a,Composition_and_Progression,View,Single_view,"",""
3907,55-pennylane-catalyst.svg,02a,Composition_and_Progression,View,Single_view,"",""
3908,76-simple-with-vector.png,02a,Composition_and_Progression,View,Single_view,"",""
3909,87-cirq-routing.png,02a,Composition_and_Progression,View,Single_view,"",""
3910,94-cirq-tele.png,02a,Composition_and_Progression,View,Single_view,"",""
3911,137-nature-cai-2c.png,02a,Composition_and_Progression,View,Single_view,"",""
3912,161-nature-ghisoni-1.png,02a,Composition_and_Progression,View,Single_view,"",""
3913,177-nature-liao-4b.png,02a,Composition_and_Progression,View,Single_view,"",""
3914,179-nature-gupta-1d.png,02a,Composition_and_Progression,View,Single_view,"",""
3915,04-sectioning-anno.png,02a,Composition_and_Progression,View,Single_view,"",""
3916,26-qiskit-bell-pairs.avif,02a,Composition_and_Progression,View,Single_view,"",""
3917,27-qiskit-fractional.avif,02a,Composition_and_Progression,View,Single_view,"",""
3918,60-pennylane-catalyst-6.svg,02a,Composition_and_Progression,View,Single_view,"",""
3919,13-3d-vertical.jpg,02a,Composition_and_Progression,View,Single_view,"",""
3920,33-li-benjamin.avif,02a,Composition_and_Progression,View,Single_view,"",""
3921,95-cirq-tele-2.png,02a,Composition_and_Progression,View,Single_view,"",""
3922,133-nature-hillmann-1.png,02a,Composition_and_Progression,View,Single_view,"",""
3923,132-nature-hothem-3.png,02a,Composition_and_Progression,View,Single_view,"",""
3924,173-nature-brock-2b.png,02a,Composition_and_Progression,View,Single_view,"",""
3925,174-nature-soltaninia-2a.png,02a,Composition_and_Progression,View,Single_view,"",""
3926,12-3d-qubit-line-hl.jpg,02a,Composition_and_Progression,View,Single_view,"",""
3927,97-cirq-vqe.png,02a,Composition_and_Progression,View,Single_view,"",""
3928,104-pennylane-toric.png,02a,Composition_and_Progression,View,Single_view,"",""
3929,166-nature-verma-3.png,02a,Composition_and_Progression,View,Single_view,"",""
3930,17-cartoons-2.png,02a,Composition_and_Progression,View,Single_view,"",""
3931,47-pennylane-three-qubit.png,02a,Composition_and_Progression,View,Single_view,"",""
3932,61-pennylane-tele.png,02a,Composition_and_Progression,View,Single_view,"",""
3933,82-cirq-stabilizer.png,02a,Composition_and_Progression,View,Single_view,"",""
3934,119-nature-akpinar-1-3.png,02a,Composition_and_Progression,View,Single_view,"",""
3935,145-nature-ringbauer-1b.png,02a,Composition_and_Progression,View,Single_view,"",""
3936,171-nature-meth-1d.png,02a,Composition_and_Progression,View,Single_view,"",""
3937,148-nautre-werner-1.png,02a,Composition_and_Progression,View,Single_view,"",""
3938,19-qiskit-qaoa.svg,02a,Composition_and_Progression,View,Single_view,"",""
3939,22-qiskit-hadamard-test.avif,02a,Composition_and_Progression,View,Single_view,"",""
3940,31-qiskit-cut-unfriendly.avif,02a,Composition_and_Progression,View,Single_view,"",""
3941,40-pennylane-mdr.png,02a,Composition_and_Progression,View,Single_view,"",""
3942,64-pennylane-bp.png,02a,Composition_and_Progression,View,Single_view,"",""
3943,71-cirq-hello.png,02a,Composition_and_Progression,View,Single_view,"",""
3944,78-cirq-with-unitary.png,02a,Composition_and_Progression,View,Single_view,"",""
3945,93-cirq-mocking-2.png,02a,Composition_and_Progression,View,Single_view,"",""
3946,121-nature-gao-3-3.png,02a,Composition_and_Progression,View,Single_view,"",""
3947,130-nature-hoch-1b.png,02a,Composition_and_Progression,View,Single_view,"",""
3948,154-nature-mourya-4.png,02a,Composition_and_Progression,View,Single_view,"",""
3949,159-nature-ahmed-3.png,02a,Composition_and_Progression,View,Single_view,"",""
3950,178-nature-li-1c.png,02a,Composition_and_Progression,View,Single_view,"",""
3951,35-vanderberg-pea.avif,02a,Composition_and_Progression,View,Single_view,"",""
3952,51-pennylane-hidden-cut.png,02a,Composition_and_Progression,View,Single_view,"",""
3953,52-pennylane-chebyshev.png,02a,Composition_and_Progression,View,Single_view,"",""
3954,120-nature-akpinar-4.png,02a,Composition_and_Progression,View,Single_view,"",""
3955,146-nature-ringbauer-6.png,02a,Composition_and_Progression,View,Single_view,"",""
3956,149-nature-turkeshi-1.png,02a,Composition_and_Progression,View,Single_view,"",""
3957,153-nature-hu-1.png,02a,Composition_and_Progression,View,Single_view,"",""
3958,20-qiskit-pauli-corr.avif,02a,Composition_and_Progression,View,Single_view,"",""
3959,41-pennylane-mps-ani.gif,02a,Composition_and_Progression,View,Single_view,"",""
3960,124-nature-than-1c.png,02a,Composition_and_Progression,View,Single_view,"",""
3961,126-nature-butt-3a.png,02a,Composition_and_Progression,View,Single_view,"",""
3962,183-nature-xie-2.png,02a,Composition_and_Progression,View,Single_view,"",""
3963,16-heatmap.jpg,02a,Composition_and_Progression,View,Single_view,"",""
3964,18-on-machine-a.avif,02a,Composition_and_Progression,View,Single_view,"",""
3965,37-syndrome.avif,02a,Composition_and_Progression,View,Single_view,"",""
3966,59-pennylane-catalyst-5.svg,02a,Composition_and_Progression,View,Single_view,"",""
3967,62-pennylane-tele-2.png,02a,Composition_and_Progression,View,Single_view,"",""
3968,99-cirq-qaoa.png,02a,Composition_and_Progression,View,Single_view,"",""
3969,162-nature-dong-1.png,02a,Composition_and_Progression,View,Single_view,"",""
3970,165-nature-xing-6.png,02a,Composition_and_Progression,View,Single_view,"",""
3971,167-nature-verma-4.png,02a,Composition_and_Progression,View,Single_view,"",""
3972,08-3d-pauli.jpg,02a,Composition_and_Progression,View,Single_view,"",""
3973,15-3d-horizontal.jpg,02a,Composition_and_Progression,View,Single_view,"",""
3974,100-cirq-qaoa-mach.png,02a,Composition_and_Progression,View,Single_view,"",""
3975,156-nature-zhang-4.png,02a,Composition_and_Progression,View,Single_view,"",""
3976,176-nature-kim-5.png,02a,Composition_and_Progression,View,Single_view,"",""
3977,01-basic-with-anno.jpg,02a,Composition_and_Progression,View,Single_view,"",""
3978,06-large-circuot-boxing.png,02a,Composition_and_Progression,View,Single_view,"",""
3979,07-line-wrapped.jpg,02a,Composition_and_Progression,View,Single_view,"",""
3980,21-qiskit-qaoa-step1.avif,02a,Composition_and_Progression,View,Single_view,"",""
3981,25-qiskit-grover.avif,02a,Composition_and_Progression,View,Single_view,"",""
3982,32-qiskit-short-many-qubits.avif,02a,Composition_and_Progression,View,Single_view,"",""
3983,36-qiskit-bad.avif,02a,Composition_and_Progression,View,Single_view,"",""
3984,50-pennylane-3q-concept.png,02a,Composition_and_Progression,View,Single_view,"",""
3985,63-pennylane-loom.png,02a,Composition_and_Progression,View,Single_view,"",""
3986,81-cirq-grid.png,02a,Composition_and_Progression,View,Single_view,"",""
3987,102-cirq-toric.png,02a,Composition_and_Progression,View,Single_view,"",""
3988,114-nature-ruiz-3.png,02a,Composition_and_Progression,View,Single_view,"",""
3989,141-nature-rajput-4.png,02a,Composition_and_Progression,View,Single_view,"",""
3990,147-nature-feng-1.png,02a,Composition_and_Progression,View,Single_view,"",""
3991,157-nature-zhang-2.png,02a,Composition_and_Progression,View,Single_view,"",""
3992,164-nature-jager-4a.png,02a,Composition_and_Progression,View,Single_view,"",""
3993,44-pennylane-stats.png,02a,Composition_and_Progression,View,Single_view,"",""
3994,72-cirq-3qubit.png,02a,Composition_and_Progression,View,Single_view,"",""
3995,89-cirq-machine-1.png,02a,Composition_and_Progression,View,Single_view,"",""
3996,127-nature-zhu-1.png,02a,Composition_and_Progression,View,Single_view,"",""
3997,160-nature-shen-2b.png,02a,Composition_and_Progression,View,Single_view,"",""
3998,65-pennylane-qml.png,02a,Composition_and_Progression,View,Single_view,"",""
3999,91-cirq-pascal.png,02a,Composition_and_Progression,View,Single_view,"",""
4000,115-nature-ruiz-1.png,02a,Composition_and_Progression,View,Single_view,"",""
4001,122-nature-zhang-3a.png,02a,Composition_and_Progression,View,Single_view,"",""
4002,158-nature-ahmed-2b.png,02a,Composition_and_Progression,View,Single_view,"",""
4003,10-3d-annotations.jpg,02a,Composition_and_Progression,View,Single_view,"",""
4004,77-cirq-measure-names.png,02a,Composition_and_Progression,View,Single_view,"",""
4005,109-nature-main-1c.png,02a,Composition_and_Progression,View,Single_view,"",""
4006,23-qiskit-nishimori.avif,02a,Composition_and_Progression,View,Single_view,"",""
4007,30-qiskit-plot-circ-lay.avif,02a,Composition_and_Progression,View,Single_view,"",""
4008,79-cirq-with-density.png,02a,Composition_and_Progression,View,Single_view,"",""
4009,123-nature-zhang-3b.png,02a,Composition_and_Progression,View,Single_view,"",""
4010,128-nature-mihalikova-3.png,02a,Composition_and_Progression,View,Single_view,"",""
4011,138-nature-aljaedi-5.png,02a,Composition_and_Progression,View,Single_view,"",""
4012,139-nature-wing-bocanegra-5.png,02a,Composition_and_Progression,View,Single_view,"",""
4013,152-nature-kang-3.png,02a,Composition_and_Progression,View,Single_view,"",""
4014,163-nature-long-3a.png,02a,Composition_and_Progression,View,Single_view,"",""
4015,169-nature-pecorari-2b.png,02a,Composition_and_Progression,View,Single_view,"",""
4016,180-nature-lacroix-1ab.png,02a,Composition_and_Progression,View,Single_view,"",""
4017,182-nature-lacroix-3d.png,02a,Composition_and_Progression,View,Single_view,"",""
4018,186-cirq-fh.png,02a,Composition_and_Progression,View,Single_view,"",""
4019,184-vanderberg-pea-2.png,02a,Composition_and_Progression,View,Single_view,"",""
4020,34-kandala-connection.avif,02a,Composition_and_Progression,View,V_Concat,"",""
4021,57-pennylane-catalyst-3.svg,02a,Composition_and_Progression,View,V_Concat,"",""
4022,68-ftqc-1.png,02a,Composition_and_Progression,View,V_Concat,"",""
4023,70-ftqc-3.png,02a,Composition_and_Progression,View,V_Concat,"",""
4024,74-cirq-qft.png,02a,Composition_and_Progression,View,V_Concat,"",""
4025,80-cirq-with-noise.png,02a,Composition_and_Progression,View,V_Concat,"",""
4026,83-ciq-transformer.png,02a,Composition_and_Progression,View,V_Concat,"",""
4027,84-cirq-transformer-custom.png,02a,Composition_and_Progression,View,V_Concat,"",""
4028,88-cirq-routing-compare.png,02a,Composition_and_Progression,View,V_Concat,"",""
4029,96-cirq-shors.png,02a,Composition_and_Progression,View,V_Concat,"",""
4030,101-cirq-chess.png,02a,Composition_and_Progression,View,V_Concat,"",""
4031,103-cirq-toric-prog.png,02a,Composition_and_Progression,View,V_Concat,"",""
4032,110-nature-main-2a.png,02a,Composition_and_Progression,View,V_Concat,"",""
4033,02-aggregate-ellipsis.png,19a,Management,Data_transform,Aggregate,gates,""
4034,24-qiskit-shors.svg,19a,Management,Data_transform,Aggregate,gates,""
4035,161-nature-ghisoni-1.png,19a,Management,Data_transform,Aggregate,gates,""
4036,19-qiskit-qaoa.svg,19a,Management,Data_transform,Aggregate,gates,""
4037,53-pennylane-non-clifford.png,19a,Management,Data_transform,Aggregate,gates,""
4038,21-qiskit-qaoa-step1.avif,19a,Management,Data_transform,Aggregate,gates,""
4039,50-pennylane-3q-concept.png,19a,Management,Data_transform,Aggregate,gates,""
4040,35-vanderberg-pea.avif,19a,Management,Data_transform,Aggregate,gates,""
4041,48-pennylane-3-qubit-stabilize.png,19a,Management,Data_transform,Aggregate,gates,""
4042,70-ftqc-3.png,19a,Management,Data_transform,Aggregate,gates,""
4043,54-pennylane-non-clifford-2.png,19a,Management,Data_transform,Aggregate,gates,""
4044,14-cartoons.png,19a,Management,Data_transform,Aggregate,gates,""
4045,128-nature-mihalikova-3.png,19a,Management,Data_transform,Aggregate,gates,""
4046,203-quflow,01a,Purpose_and_Abstraction,Programming,Raw,"",""
4047,204-violet,01a,Purpose_and_Abstraction,Programming,Raw,"",""
4048,205-quantivine,01a,Purpose_and_Abstraction,Programming,Raw,"",""
4049,206-quirk,01a,Purpose_and_Abstraction,Programming,Raw,"",""
4050,207-ibm-composer,01a,Purpose_and_Abstraction,Programming,Raw,"",""
4051,208-ibm-platform,01a,Purpose_and_Abstraction,Programming,Raw,"",""
4052,209-crumble,01a,Purpose_and_Abstraction,Programming,Raw,"",""
4053,209-crumble,02a,Composition_and_Progression,View,H_Concat,"",""
4054,202-patoka-result,02a,Composition_and_Progression,View,Single_view,"",""
4055,206-quirk,02a,Composition_and_Progression,View,Single_view,"",""
4056,207-ibm-composer,02a,Composition_and_Progression,View,Single_view,"",""
4057,208-ibm-platform,02a,Composition_and_Progression,View,Single_view,"",""
4058,201-patoka-opt-check,02a,Composition_and_Progression,View,Dashboard,"",""
4059,203-quflow,02a,Composition_and_Progression,View,Dashboard,"",""
4060,204-violet,02a,Composition_and_Progression,View,Dashboard,"",""
4061,205-quantivine,02a,Composition_and_Progression,View,Dashboard,"",""
4062,202-patoka-result,19b,Management,Space_management,Pagination,"",""
4063,205-quantivine,19b,Management,Space_management,Point_to_target_qubit,"",""
4064,205-quantivine,19b,Management,Space_management,Filter_out,"",""
4065,208-ibm-platform,03a,Layout_and_Format,Layout,On_machine,"",""
4066,201-patoka-opt-check,03a,Layout_and_Format,Layout,Traditional,"",""
4067,202-patoka-result,03a,Layout_and_Format,Layout,Traditional,"",""
4068,203-quflow,03a,Layout_and_Format,Layout,Traditional,"",""
4069,204-violet,03a,Layout_and_Format,Layout,Traditional,"",""
4070,205-quantivine,03a,Layout_and_Format,Layout,Traditional,"",""
4071,206-quirk,03a,Layout_and_Format,Layout,Traditional,"",""
4072,207-ibm-composer,03a,Layout_and_Format,Layout,Traditional,"",""
4073,209-crumble,03a,Layout_and_Format,Layout,Traditional,"",""
4074,201-patoka-opt-check,03a,Layout_and_Format,Layout,Hybrid_animation,"",""
4075,201-patoka-opt-check,03b,Layout_and_Format,Format,Circuit,"",""
4076,202-patoka-result,03b,Layout_and_Format,Format,Circuit,"",""
4077,203-quflow,03b,Layout_and_Format,Format,Circuit,"",""
4078,204-violet,03b,Layout_and_Format,Format,Circuit,"",""
4079,205-quantivine,03b,Layout_and_Format,Format,Circuit,"",""
4080,206-quirk,03b,Layout_and_Format,Format,Circuit,"",""
4081,207-ibm-composer,03b,Layout_and_Format,Format,Circuit,"",""
4082,208-ibm-platform,03b,Layout_and_Format,Format,Circuit,"",""
4083,209-crumble,03b,Layout_and_Format,Format,Circuit,"",""
4084,205-quantivine,03b,Layout_and_Format,Format,Heatmap,"",""
4085,201-patoka-opt-check,03d,Layout_and_Format,Direction,Horizontal,"",""
4086,202-patoka-result,03d,Layout_and_Format,Direction,Horizontal,"",""
4087,203-quflow,03d,Layout_and_Format,Direction,Horizontal,"",""
4088,204-violet,03d,Layout_and_Format,Direction,Horizontal,"",""
4089,205-quantivine,03d,Layout_and_Format,Direction,Horizontal,"",""
4090,206-quirk,03d,Layout_and_Format,Direction,Horizontal,"",""
4091,207-ibm-composer,03d,Layout_and_Format,Direction,Horizontal,"",""
4092,209-crumble,03d,Layout_and_Format,Direction,Horizontal,"",""
4093,201-patoka-opt-check,09a,Qubit,Information,Logical_physical_mapping,"",""
4094,204-violet,09a,Qubit,Information,State,"",""
4095,201-patoka-opt-check,09a,Qubit,Information,Index,"",""
4096,202-patoka-result,09a,Qubit,Information,Index,"",""
4097,206-quirk,09a,Qubit,Information,Index,"",""
4098,207-ibm-composer,09a,Qubit,Information,Index,"",""
4099,208-ibm-platform,09a,Qubit,Information,Index,"",""
4100,209-crumble,09a,Qubit,Information,Index,"",""
4101,201-patoka-opt-check,09a,Qubit,Information,Fidelity,"",""
4102,205-quantivine,09b,Qubit,Representation,Cell,"",""
4103,201-patoka-opt-check,09b,Qubit,Representation,Bit_line,"",""
4104,202-patoka-result,09b,Qubit,Representation,Bit_line,"",""
4105,203-quflow,09b,Qubit,Representation,Bit_line,"",""
4106,204-violet,09b,Qubit,Representation,Bit_line,"",""
4107,205-quantivine,09b,Qubit,Representation,Bit_line,"",""
4108,206-quirk,09b,Qubit,Representation,Bit_line,"",""
4109,207-ibm-composer,09b,Qubit,Representation,Bit_line,"",""
4110,209-crumble,09b,Qubit,Representation,Bit_line,"",""
4111,201-patoka-opt-check,09b,Qubit,Representation,Grid,"",""
4112,208-ibm-platform,09b,Qubit,Representation,Grid,"",""
4113,209-crumble,09b,Qubit,Representation,Grid,"",""
4114,206-quirk,09c,State,Representation,Bloch_sphere,"",""
4115,207-ibm-composer,09c,State,Representation,Bloch_sphere,"",""
4116,206-quirk,09d,State,Representation_characteristic,At_final,"",""
4117,207-ibm-composer,09d,State,Representation_characteristic,At_final,"",""
4118,201-patoka-opt-check,09e,Bit_lines,Representation_characteristic,Collapsed,"",""
4119,202-patoka-result,09e,Bit_lines,Representation_characteristic,Collapsed,"",""
4120,206-quirk,09e,Bit_lines,Representation_characteristic,Collapsed,"",""
4121,207-ibm-composer,09e,Bit_lines,Representation_characteristic,Collapsed,"",""
4122,209-crumble,09e,Bit_lines,Representation_characteristic,Collapsed,"",""
4123,201-patoka-opt-check,09e,Bit_lines,Representation_characteristic,Static,"",""
4124,202-patoka-result,09e,Bit_lines,Representation_characteristic,Static,"",""
4125,203-quflow,09e,Bit_lines,Representation_characteristic,Static,"",""
4126,204-violet,09e,Bit_lines,Representation_characteristic,Static,"",""
4127,205-quantivine,09e,Bit_lines,Representation_characteristic,Static,"",""
4128,206-quirk,09e,Bit_lines,Representation_characteristic,Static,"",""
4129,207-ibm-composer,09e,Bit_lines,Representation_characteristic,Static,"",""
4130,208-ibm-platform,09e,Bit_lines,Representation_characteristic,Static,"",""
4131,209-crumble,09e,Bit_lines,Representation_characteristic,Static,"",""
4132,209-crumble,09e,Bit_lines,Representation_characteristic,Grouped,"",""
4133,209-crumble,10a,Qubit_connectivity,Information,N-Qubit,"",""
4134,201-patoka-opt-check,10a,Qubit_connectivity,Information,2_qubit,"",""
4135,205-quantivine,10a,Qubit_connectivity,Information,2_qubit,"",""
4136,208-ibm-platform,10a,Qubit_connectivity,Information,2_qubit,"",""
4137,209-crumble,10a,Qubit_connectivity,Information,2_qubit,"",""
4138,205-quantivine,10b,Qubit_connectivity,Representation,Cell,"",""
4139,201-patoka-opt-check,10b,Qubit_connectivity,Representation,Grid,"",""
4140,209-crumble,10b,Qubit_connectivity,Representation,Grid,"",""
4141,201-patoka-opt-check,11a,Gate,Information,Pulse,"",""
4142,201-patoka-opt-check,11a,Gate,Information,Gate_type,"",""
4143,202-patoka-result,11a,Gate,Information,Gate_type,"",""
4144,203-quflow,11a,Gate,Information,Gate_type,"",""
4145,204-violet,11a,Gate,Information,Gate_type,"",""
4146,205-quantivine,11a,Gate,Information,Gate_type,"",""
4147,206-quirk,11a,Gate,Information,Gate_type,"",""
4148,207-ibm-composer,11a,Gate,Information,Gate_type,"",""
4149,208-ibm-platform,11a,Gate,Information,Gate_type,"",""
4150,209-crumble,11a,Gate,Information,Gate_type,"",""
4151,201-patoka-opt-check,11a,Gate,Information,Error_rate,"",""
4152,208-ibm-platform,11a,Gate,Information,Error_rate,"",""
4153,201-patoka-opt-check,11a,Gate,Information,Error_type,"",""
4154,208-ibm-platform,11a,Gate,Information,Error_type,"",""
4155,204-violet,11a,Gate,Information,Gate_group,"",""
4156,205-quantivine,11a,Gate,Information,Gate_group,"",""
4157,201-patoka-opt-check,11b,Gate,Representation,Box_and_lines,"",""
4158,202-patoka-result,11b,Gate,Representation,Box_and_lines,"",""
4159,201-patoka-opt-check,11b,Gate,Representation,Traditional,"",""
4160,202-patoka-result,11b,Gate,Representation,Traditional,"",""
4161,203-quflow,11b,Gate,Representation,Traditional,"",""
4162,206-quirk,11b,Gate,Representation,Traditional,"",""
4163,207-ibm-composer,11b,Gate,Representation,Traditional,"",""
4164,209-crumble,11b,Gate,Representation,Traditional,"",""
4165,201-patoka-opt-check,11b,Gate,Representation,Color,"",""
4166,205-quantivine,11b,Gate,Representation,Color,"",""
4167,201-patoka-opt-check,11b,Gate,Representation,Line_chart,"",""
4168,201-patoka-opt-check,11b,Gate,Representation,Box_with_letters,"",""
4169,202-patoka-result,11b,Gate,Representation,Box_with_letters,"",""
4170,204-violet,11b,Gate,Representation,Box_with_letters,"",""
4171,205-quantivine,11b,Gate,Representation,Box_with_letters,"",""
4172,201-patoka-opt-check,11c,Gate,Representation_characteristic,Qubit_indication,"",""
4173,202-patoka-result,11c,Gate,Representation_characteristic,Qubit_indication,"",""
4174,201-patoka-opt-check,11a,Gate,Information,Parameters,"",""
4175,202-patoka-result,11a,Gate,Information,Parameters,"",""
4176,203-quflow,11a,Gate,Information,Parameters,"",""
4177,204-violet,11a,Gate,Information,Parameters,"",""
4178,205-quantivine,11c,Gate,Representation_characteristic,Grouped,"",""
4179,208-ibm-platform,11c,Gate,Representation_characteristic,Given,"",""
4180,201-patoka-opt-check,12b,Measure,Representation,Quantum_to_classical,"",""
4181,202-patoka-result,12b,Measure,Representation,Quantum_to_classical,"",""
4182,207-ibm-composer,12b,Measure,Representation,Quantum_to_classical,"",""
4183,201-patoka-opt-check,12b,Measure,Representation,Traditional,"",""
4184,202-patoka-result,12b,Measure,Representation,Traditional,"",""
4185,207-ibm-composer,12b,Measure,Representation,Traditional,"",""
4186,204-violet,12b,Measure,Representation,Next_to_final_gate,"",""
4187,201-patoka-opt-check,12c,Measure,Representation_characteristic,Quantum_to_classical,"",""
4188,202-patoka-result,12c,Measure,Representation_characteristic,Quantum_to_classical,"",""
4189,207-ibm-composer,12c,Measure,Representation_characteristic,Quantum_to_classical,"",""
4190,204-violet,12c,Measure,Representation_characteristic,No_classical,"",""
4191,201-patoka-opt-check,14b,Classical,Representation,Double_line,"",""
4192,202-patoka-result,14b,Classical,Representation,Double_line,"",""
4193,207-ibm-composer,14b,Classical,Representation,Double_line,"",""
4194,209-crumble,15a,Selection,Unit,N_qubit_connectivity,"",""
4195,201-patoka-opt-check,15a,Selection,Unit,Gate,"",""
4196,203-quflow,15a,Selection,Unit,Gate,"",""
4197,204-violet,15a,Selection,Unit,Gate,"",""
4198,205-quantivine,15a,Selection,Unit,Gate,"",""
4199,206-quirk,15a,Selection,Unit,Gate,"",""
4200,207-ibm-composer,15a,Selection,Unit,Gate,"",""
4201,209-crumble,15a,Selection,Unit,Gate,"",""
4202,201-patoka-opt-check,15a,Selection,Unit,Measure,"",""
4203,201-patoka-opt-check,15a,Selection,Unit,Qubit,"",""
4204,205-quantivine,15a,Selection,Unit,Qubit,"",""
4205,208-ibm-platform,15a,Selection,Unit,Qubit,"",""
4206,209-crumble,15a,Selection,Unit,Qubit,"",""
4207,201-patoka-opt-check,15b,Selection,Method,Emphasis,"",""
4208,204-violet,15b,Selection,Method,Emphasis,"",""
4209,205-quantivine,15b,Selection,Method,Aggregation,"",""
4210,201-patoka-opt-check,15b,Selection,Method,Encoding,"",""
4211,203-quflow,15b,Selection,Method,Encoding,"",""
4212,209-crumble,15b,Selection,Method,Encoding,"",""
4213,204-violet,15b,Selection,Method,Annotation,"",""
4214,205-quantivine,15b,Selection,Method,Annotation,"",""
4215,201-patoka-opt-check,15b,Selection,Method,Hover_highlight,"",""
4216,203-quflow,15b,Selection,Method,Hover_highlight,"",""
4217,204-violet,15b,Selection,Method,Hover_highlight,"",""
4218,205-quantivine,15b,Selection,Method,Hover_highlight,"",""
4219,206-quirk,15b,Selection,Method,Hover_highlight,"",""
4220,207-ibm-composer,15b,Selection,Method,Hover_highlight,"",""
4221,208-ibm-platform,15b,Selection,Method,Hover_highlight,"",""
4222,209-crumble,15b,Selection,Method,Hover_highlight,"",""
4223,201-patoka-opt-check,15c,Selection,Characteristic,Cross_view,"",""
4224,205-quantivine,15c,Selection,Characteristic,Cross_view,"",""
4225,209-crumble,15c,Selection,Characteristic,Cross_view,"",""
4226,205-quantivine,15c,Selection,Characteristic,Nested,"",""
4227,201-patoka-opt-check,16a,Channel,Object,Shape,"",""
4228,209-crumble,16a,Channel,Object,Shape,"",""
4229,205-quantivine,16a,Channel,Object,Stroke_dahsed,"",""
4230,206-quirk,16a,Channel,Object,Stroke_width,"",""
4231,207-ibm-composer,16a,Channel,Object,Stroke_width,"",""
4232,208-ibm-platform,16a,Channel,Object,Stroke_width,"",""
4233,201-patoka-opt-check,16a,Channel,Object,Stroke_color,"",""
4234,206-quirk,16a,Channel,Object,Stroke_color,"",""
4235,207-ibm-composer,16a,Channel,Object,Stroke_color,"",""
4236,209-crumble,16a,Channel,Object,Stroke_color,"",""
4237,201-patoka-opt-check,16a,Channel,Object,Fill_color,"",""
4238,202-patoka-result,16a,Channel,Object,Fill_color,"",""
4239,203-quflow,16a,Channel,Object,Fill_color,"",""
4240,206-quirk,16a,Channel,Object,Fill_color,"",""
4241,207-ibm-composer,16a,Channel,Object,Fill_color,"",""
4242,208-ibm-platform,16a,Channel,Object,Fill_color,"",""
4243,209-crumble,16a,Channel,Object,Fill_color,"",""
4244,209-crumble,16b,Channel,Object_shade,Stroke_color,"",""
4245,201-patoka-opt-check,16b,Channel,Object_shade,Fill_color,"",""
4246,209-crumble,16b,Channel,Object_shade,Fill_color,"",""
4247,209-crumble,17a,Reference,Axis,Space,"",""
4248,205-quantivine,17b,Reference,Legend,Category_type,"",""
4249,209-crumble,17b,Reference,Legend,Category_type,"",""
4250,205-quantivine,17b,Reference,Legend,Quantity_etc,"",""
4251,201-patoka-opt-check,17b,Reference,Legend,Quantity_error,"",""
4252,208-ibm-platform,17b,Reference,Legend,Quantity_error,"",""
4253,201-patoka-opt-check,18a,Narrative,Title,Sub_view,"",""
4254,202-patoka-result,18a,Narrative,Title,Sub_view,"",""
4255,203-quflow,18a,Narrative,Title,Sub_view,"",""
4256,204-violet,18a,Narrative,Title,Sub_view,"",""
4257,205-quantivine,18a,Narrative,Title,Sub_view,"",""
4258,208-ibm-platform,18a,Narrative,Title,Sub_view,"",""
4259,204-violet,18b,Narrative,Annotation,Selection,"",""
4260,205-quantivine,18b,Narrative,Annotation,Selection,"",""
4261,201-patoka-opt-check,18b,Narrative,Annotation,Name_and_index,"",""
4262,202-patoka-result,18b,Narrative,Annotation,Name_and_index,"",""
4263,203-quflow,18b,Narrative,Annotation,Name_and_index,"",""
4264,204-violet,18b,Narrative,Annotation,Name_and_index,"",""
4265,205-quantivine,18b,Narrative,Annotation,Name_and_index,"",""
4266,206-quirk,18b,Narrative,Annotation,Name_and_index,"",""
4267,207-ibm-composer,18b,Narrative,Annotation,Name_and_index,"",""
4268,208-ibm-platform,18b,Narrative,Annotation,Name_and_index,"",""
4269,209-crumble,18b,Narrative,Annotation,Name_and_index,"",""
4270,201-patoka-opt-check,18b,Narrative,Annotation,Program_global_phase,"",""
4271,202-patoka-result,18b,Narrative,Annotation,Program_global_phase,"",""
4272,205-quantivine,18b,Narrative,Annotation,Program_loop,"",""
4273,205-quantivine,18b,Narrative,Annotation,Program_others,"",""
4274,201-patoka-opt-check,18c,Narrative,Emphasis,Selection_cross_view,"",""
4275,209-crumble,18c,Narrative,Emphasis,Program_information,"",""
4276,204-violet,18d,Narrative,Attachment,Problem_topic,"",""
4277,201-patoka-opt-check,18d,Narrative,Attachment,Summary_statistics,"",""
4278,208-ibm-platform,18d,Narrative,Attachment,Summary_statistics,"",""
4279,204-violet,18d,Narrative,Attachment,Expected_results,"",""
4280,207-ibm-composer,18d,Narrative,Attachment,Expected_results,"",""
4281,208-ibm-platform,18d,Narrative,Attachment,Expected_results,"",""
4282,201-patoka-opt-check,19a,Management,Data_transform,Filter,"",""
4283,203-quflow,19a,Management,Data_transform,Filter,"",""
4284,205-quantivine,19a,Management,Data_transform,Filter,"",""
4285,205-quantivine,19a,Management,Data_transform,Aggregate,"",""
4286,201-patoka-opt-check,20a,Interaction,Exploration,Cross-highlight,"",""
4287,205-quantivine,20a,Interaction,Exploration,Cross-highlight,"",""
4288,209-crumble,20a,Interaction,Exploration,Cross-highlight,"",""
4289,205-quantivine,20a,Interaction,Exploration,Aggregation,"",""
4290,201-patoka-opt-check,20a,Interaction,Exploration,Filtering,"",""
4291,205-quantivine,20a,Interaction,Exploration,Filtering,"",""
4292,201-patoka-opt-check,20a,Interaction,Exploration,Tooltip,"",""
4293,202-patoka-result,20a,Interaction,Exploration,Tooltip,"",""
4294,206-quirk,20a,Interaction,Exploration,Tooltip,"",""
4295,208-ibm-platform,20a,Interaction,Exploration,Tooltip,"",""
4296,201-patoka-opt-check,20a,Interaction,Exploration,Slideshow,"",""
4297,208-ibm-platform,20a,Interaction,Exploration,Toggling,"",""
4298,206-quirk,20b,Interaction,Composition,Drag_and_drop,"",""
4299,207-ibm-composer,20b,Interaction,Composition,Drag_and_drop,"",""
4300,203-quflow,20b,Interaction,Composition,Context_menu,"",""
4301,207-ibm-composer,20b,Interaction,Composition,Context_menu,"",""
4302,209-crumble,20b,Interaction,Composition,Keyboard_shortcut,"",""
4303,52-pennylane-chebyshev.png,11a,Gate,Information,Parameters,"",""
4304,146-nature-ringbauer-6.png,11a,Gate,Information,Parameters,"",""
4305,06-large-circuot-boxing.png,11a,Gate,Information,Parameters,"",""
4306,07-line-wrapped.jpg,11a,Gate,Information,Parameters,"",""
4307,25-qiskit-grover.avif,11a,Gate,Information,Parameters,"",""
4308,32-qiskit-short-many-qubits.avif,11a,Gate,Information,Parameters,"",""
4309,27-qiskit-fractional.avif,11a,Gate,Information,Parameters,"",""
4310,40-pennylane-mdr.png,11a,Gate,Information,Parameters,"",""
4311,22-qiskit-hadamard-test.avif,11a,Gate,Information,Parameters,"",""
4312,155-nature-du-6.png,11a,Gate,Information,Parameters,"",""
4313,127-nature-zhu-1.png,11a,Gate,Information,Parameters,"",""
4314,45-pennylane-qpe.png,11a,Gate,Information,Parameters,"",""
4315,125-nature-than-6.png,11a,Gate,Information,Parameters,"",""
4316,70-ftqc-3.png,11a,Gate,Information,Parameters,"",""
4317,80-cirq-with-noise.png,11a,Gate,Information,Parameters,"",""
4318,129-nature-mihalikova-5.png,11a,Gate,Information,Parameters,"",""
4319,119-nature-akpinar-1-3.png,11a,Gate,Information,Parameters,"",""
4320,148-nautre-werner-1.png,11a,Gate,Information,Parameters,"",""
4321,111-nature-main-3a.png,11a,Gate,Information,Parameters,"",""
4322,174-nature-soltaninia-2a.png,11a,Gate,Information,Parameters,"",""
4323,173-nature-brock-2b.png,11a,Gate,Information,Parameters,"",""
4324,57-pennylane-catalyst-3.svg,11a,Gate,Information,Parameters,"",""
4325,161-nature-ghisoni-1.png,11a,Gate,Information,Parameters,"",""
4326,179-nature-gupta-1d.png,11a,Gate,Information,Parameters,"",""
4327,162-nature-dong-1.png,11a,Gate,Information,Parameters,"",""
4328,99-cirq-qaoa.png,11a,Gate,Information,Parameters,"",""
4329,152-nature-kang-3.png,11a,Gate,Information,Parameters,"",""
4330,163-nature-long-3a.png,11a,Gate,Information,Parameters,"",""
4331,128-nature-mihalikova-3.png,11a,Gate,Information,Parameters,"",""
4332,58-pennylane-catalyst-4.svg,11a,Gate,Information,Parameters,"",""
4333,79-cirq-with-density.png,11a,Gate,Information,Parameters,"",""
4334,124-nature-than-1c.png,11a,Gate,Information,Parameters,"",""
4335,183-nature-xie-2.png,11a,Gate,Information,Parameters,"",""
4336,20-qiskit-pauli-corr.avif,11a,Gate,Information,Parameters,"",""
4337,210-quantum-eyes,01a,Purpose_and_Abstraction,Programming,Raw,"",""
4338,211-muqcs,01a,Purpose_and_Abstraction,Programming,Raw,"",""
4339,212-rainbow-box,01a,Purpose_and_Abstraction,Programming,Raw,"",""
4340,210-quantum-eyes,02a,Composition_and_Progression,View,V_Concat,"",""
4341,212-rainbow-box,02a,Composition_and_Progression,View,H_Concat,"",""
4342,211-muqcs,02a,Composition_and_Progression,View,Single_view,"",""
4343,210-quantum-eyes,03a,Layout_and_Format,Layout,Traditional,"",""
4344,211-muqcs,03a,Layout_and_Format,Layout,Traditional,"",""
4345,212-rainbow-box,03a,Layout_and_Format,Layout,Traditional,"",""
4346,210-quantum-eyes,03b,Layout_and_Format,Format,Circuit,"",""
4347,212-rainbow-box,03b,Layout_and_Format,Format,Heatmap,"",""
4348,212-rainbow-box,03d,Layout_and_Format,Direction,Vertical,"",""
4349,210-quantum-eyes,03d,Layout_and_Format,Direction,Horizontal,"",""
4350,211-muqcs,03d,Layout_and_Format,Direction,Horizontal,"",""
4351,210-quantum-eyes,09a,Qubit,Information,State,"",""
4352,210-quantum-eyes,09a,Qubit,Information,Index,"",""
4353,211-muqcs,09a,Qubit,Information,Index,"",""
4354,212-rainbow-box,09a,Qubit,Information,Index,"",""
4355,210-quantum-eyes,09b,Qubit,Representation,Bit_line,"",""
4356,211-muqcs,09b,Qubit,Representation,Bit_line,"",""
4357,210-quantum-eyes,09b,Qubit,Representation,Text,"",""
4358,212-rainbow-box,09b,Qubit,Representation,Text,"",""
4359,212-rainbow-box,09b,Qubit,Representation,Grid,"",""
4360,210-quantum-eyes,09c,State,Representation,Bloch_sphere,"",""
4361,210-quantum-eyes,09c,State,Representation,Color,"",""
4362,212-rainbow-box,09c,State,Representation,Color,"",""
4363,210-quantum-eyes,09d,State,Representation_characteristic,Changes_over_moments,"",""
4364,211-muqcs,09d,State,Representation_characteristic,Changes_over_moments,"",""
4365,212-rainbow-box,09d,State,Representation_characteristic,Changes_over_moments,"",""
4366,210-quantum-eyes,09e,Bit_lines,Representation_characteristic,Static,"",""
4367,211-muqcs,09e,Bit_lines,Representation_characteristic,Static,"",""
4368,210-quantum-eyes,11a,Gate,Information,Gate_type,"",""
4369,211-muqcs,11a,Gate,Information,Gate_type,"",""
4370,212-rainbow-box,11a,Gate,Information,Gate_type,"",""
4371,212-rainbow-box,11b,Gate,Representation,Text,"",""
4372,210-quantum-eyes,11b,Gate,Representation,Traditional,"",""
4373,211-muqcs,11b,Gate,Representation,Traditional,"",""
4374,210-quantum-eyes,11b,Gate,Representation,Box_with_letters,"",""
4375,211-muqcs,11b,Gate,Representation,Box_with_letters,"",""
4376,210-quantum-eyes,15a,Selection,Unit,Moment,"",""
4377,210-quantum-eyes,15b,Selection,Method,Annotation,"",""
4378,212-rainbow-box,16a,Channel,Object,Fill_pattern,"",""
4379,210-quantum-eyes,16a,Channel,Object,Fill_color,"",""
4380,211-muqcs,16a,Channel,Object,Fill_color,"",""
4381,212-rainbow-box,16a,Channel,Object,Fill_color,"",""
4382,210-quantum-eyes,16c,Channel,Text,Fill_color,"",""
4383,210-quantum-eyes,16c,Channel,Text,Text,"",""
4384,212-rainbow-box,16c,Channel,Text,Text,"",""
4385,210-quantum-eyes,17a,Reference,Axis,Time,"",""
4386,212-rainbow-box,18a,Narrative,Title,Sub_view,"",""
4387,212-rainbow-box,18b,Narrative,Annotation,Element_details,"",""
4388,210-quantum-eyes,18b,Narrative,Annotation,Name_and_index,"",""
4389,212-rainbow-box,18b,Narrative,Annotation,Progression,"",""
4390,210-quantum-eyes,18c,Narrative,Emphasis,Selection,"",""
4391,211-muqcs,18d,Narrative,Attachment,Summary_statistics,"",""
4392,210-quantum-eyes,18d,Narrative,Attachment,Expected_results,"",""
4393,211-muqcs,18d,Narrative,Attachment,Expected_results,"",""
4394,210-quantum-eyes,20a,Interaction,Exploration,Tooltip,"",""
4395,212-rainbow-box,20a,Interaction,Exploration,Tooltip,"",""
4396,210-quantum-eyes,20a,Interaction,Exploration,Select,"",""
4397,211-muqcs,20a,Interaction,Exploration,Select,"",""
